/* -*- Mode: c -*- */
####################################################################################################
Core 0
####################################################################################################
Cumulative:        Cycles: 2477458               Instructions: 6815237               IPC: 2.75090

ICACHE_MISS                                          5        0.000%                5        0.000%
ICACHE_HIT                                     1571481      100.000%          1571481      100.000%
                                               1571486      100.000%          1571486      100.000%
                                                  1.00         1.00              1.00         1.00

ICACHE_MISS_ONPATH                                   5      100.000%                5      100.000%
ICACHE_MISS_OFFPATH                                  0        0.000%                0        0.000%
                                                     5      100.000%                5      100.000%
                                                  0.00         0.00              0.00         0.00

ICACHE_HIT_ONPATH                              1571332       99.991%          1571332       99.991%
ICACHE_HIT_OFFPATH                                 149        0.009%              149        0.009%
                                               1571481      100.000%          1571481      100.000%
                                                  0.00         0.01              0.00         0.01

ICACHE_HIT_ONPATH_SAT_BY_OFFPATH                     0         -nan%                0         -nan%
ICACHE_HIT_ONPATH_SAT_BY_ONPATH                      0         -nan%                0         -nan%
                                                     0         -nan%                0         -nan%
                                                  -nan         -nan              -nan         -nan

ICACHE_HIT_OFFPATH_SAT_BY_OFFPATH                    0         -nan%                0         -nan%
ICACHE_HIT_OFFPATH_SAT_BY_ONPATH                     0         -nan%                0         -nan%
                                                     0         -nan%                0         -nan%
                                                  -nan         -nan              -nan         -nan

DCACHE_MISS                                     515303       24.668%           515303       24.668%
DCACHE_ST_BUFFER_HIT                                 0        0.000%                0        0.000%
DCACHE_HIT                                     1573665       75.332%          1573665       75.332%
                                               2088968      100.000%          2088968      100.000%
                                                  1.51         1.38              1.51         1.38

DCACHE_MISS_ONPATH                              515303      100.000%           515303      100.000%
DCACHE_MISS_OFFPATH                                  1        0.000%                1        0.000%
                                                515304      100.000%           515304      100.000%
                                                  0.00         0.00              0.00         0.00

DCACHE_ST_BUFFER_HIT_ONPATH                          0         -nan%                0         -nan%
DCACHE_ST_BUFFER_HIT_OFFPATH                         0         -nan%                0         -nan%
                                                     0         -nan%                0         -nan%
                                                  -nan         -nan              -nan         -nan

DCACHE_HIT_ONPATH                              1573665       99.999%          1573665       99.999%
DCACHE_HIT_OFFPATH                                  15        0.001%               15        0.001%
                                               1573680      100.000%          1573680      100.000%
                                                  0.00         0.00              0.00         0.00

DCACHE_HIT_ONPATH_SAT_BY_OFFPATH                     0         -nan%                0         -nan%
DCACHE_HIT_ONPATH_SAT_BY_ONPATH                      0         -nan%                0         -nan%
                                                     0         -nan%                0         -nan%
                                                  -nan         -nan              -nan         -nan

DCACHE_HIT_OFFPATH_SAT_BY_OFFPATH                    0         -nan%                0         -nan%
DCACHE_HIT_OFFPATH_SAT_BY_ONPATH                     0         -nan%                0         -nan%
                                                     0         -nan%                0         -nan%
                                                  -nan         -nan              -nan         -nan

DCACHE_MISS_LD                                  515302      100.000%           515302      100.000%
DCACHE_MISS_ST                                       1        0.000%                1        0.000%
                                                515303      100.000%           515303      100.000%
                                                  0.00         0.00              0.00         0.00

DCACHE_MISS_LD_ONPATH                           515302      100.000%           515302      100.000%
DCACHE_MISS_LD_OFFPATH                               1        0.000%                1        0.000%
                                                515303      100.000%           515303      100.000%
                                                  0.00         0.00              0.00         0.00

DCACHE_MISS_ST_ONPATH                                1      100.000%                1      100.000%
DCACHE_MISS_ST_OFFPATH                               0        0.000%                0        0.000%
                                                     1      100.000%                1      100.000%
                                                  0.00         -nan              0.00         -nan

DCACHE_MISS_WAITMEM                                  0                              0              

MEM_REQ_ROW_BUFFER_HITS                              0         -nan%                0         -nan%
MEM_REQ_ROW_BUFFER_MISSES                            0         -nan%                0         -nan%
MEM_REQ_ROW_BUFFER_CONFLICTS                         0         -nan%                0         -nan%
                                                     0         -nan%                0         -nan%
                                                  -nan         -nan              -nan         -nan

SHADOW_ROW_BUFFER_HITS                               0                              0              

SHADOW_ROW_HIT_STALL_TIME                            0                              0              

CHANNEL0_BUS_BUSY_CYCLES                             0         -nan%                0         -nan%
CHANNEL1_BUS_BUSY_CYCLES                             0         -nan%                0         -nan%
CHANNEL2_BUS_BUSY_CYCLES                             0         -nan%                0         -nan%
CHANNEL3_BUS_BUSY_CYCLES                             0         -nan%                0         -nan%
CHANNEL4_BUS_BUSY_CYCLES                             0         -nan%                0         -nan%
CHANNEL5_BUS_BUSY_CYCLES                             0         -nan%                0         -nan%
CHANNEL6_BUS_BUSY_CYCLES                             0         -nan%                0         -nan%
CHANNEL7_BUS_BUSY_CYCLES                             0         -nan%                0         -nan%
                                                     0         -nan%                0         -nan%
                                                  -nan         -nan              -nan         -nan

CHANNEL_IDLE_DESPITE_READY_CMD                       0                              0              

MEM_NUM_TOTAL_BUS_CYCLES                             0                              0              

MEM_NUM_BANK_BUSY_PER_BUS_CYCLE                      0          -nan                0          -nan

CORE_NUM_BANK_BUSY_PER_BUS_CYCLE                     0          -nan                0          -nan

CHANNEL0_MEM_NUM_TOTAL_BUS_CYCLES                    0         -nan%                0         -nan%
CHANNEL1_MEM_NUM_TOTAL_BUS_CYCLES                    0         -nan%                0         -nan%
CHANNEL2_MEM_NUM_TOTAL_BUS_CYCLES                    0         -nan%                0         -nan%
CHANNEL3_MEM_NUM_TOTAL_BUS_CYCLES                    0         -nan%                0         -nan%
CHANNEL4_MEM_NUM_TOTAL_BUS_CYCLES                    0         -nan%                0         -nan%
CHANNEL5_MEM_NUM_TOTAL_BUS_CYCLES                    0         -nan%                0         -nan%
CHANNEL6_MEM_NUM_TOTAL_BUS_CYCLES                    0         -nan%                0         -nan%
CHANNEL7_MEM_NUM_TOTAL_BUS_CYCLES                    0         -nan%                0         -nan%
                                                     0         -nan%                0         -nan%
                                                  -nan         -nan              -nan         -nan

CHANNEL0_MEM_NUM_BANK_BUSY_PER_BUS_CYCLE             0          -nan                0          -nan

CHANNEL1_MEM_NUM_BANK_BUSY_PER_BUS_CYCLE             0          -nan                0          -nan

CHANNEL2_MEM_NUM_BANK_BUSY_PER_BUS_CYCLE             0          -nan                0          -nan

CHANNEL3_MEM_NUM_BANK_BUSY_PER_BUS_CYCLE             0          -nan                0          -nan

CHANNEL4_MEM_NUM_BANK_BUSY_PER_BUS_CYCLE             0          -nan                0          -nan

CHANNEL5_MEM_NUM_BANK_BUSY_PER_BUS_CYCLE             0          -nan                0          -nan

CHANNEL6_MEM_NUM_BANK_BUSY_PER_BUS_CYCLE             0          -nan                0          -nan

CHANNEL7_MEM_NUM_BANK_BUSY_PER_BUS_CYCLE             0          -nan                0          -nan

BUS_DEMAND_ACCESS                                 9408                           9408              

BUS_PREF_ACCESS                                 121680                         121680              

BUS_ACCESS                                           0                              0              

L1_DEMAND_ACCESS                                 32781                          32781              

L1_PREF_ACCESS                                  348446                         348446              

L1_ACCESS                                       243277                         243277              

MLC_DEMAND_ACCESS                                    0                              0              

MLC_PREF_ACCESS                                      0                              0              

MLC_ACCESS                                           0                              0              

L1_HIT                                            6846       30.180%             6846       30.180%
L1_MISS                                          15838       69.820%            15838       69.820%
                                                 22684      100.000%            22684      100.000%
                                                  0.70         0.64              0.70         0.64

L1_HIT_ALL                                        6862        4.974%             6862        4.974%
L1_MISS_ALL                                     131088       95.026%           131088       95.026%
                                                137950      100.000%           137950      100.000%
                                                  0.95         0.93              0.95         0.93

L1_DEMAND_MISS                                    9408        7.177%             9408        7.177%
L1_PREF_REQ_MISS                                121680       92.823%           121680       92.823%
L1_WB_MISS                                           0        0.000%                0        0.000%
                                                131088      100.000%           131088      100.000%
                                                  0.93         0.07              0.93         0.07

L1_DEMAND_HIT                                     6846       99.767%             6846       99.767%
L1_PREF_REQ_HIT                                     15        0.219%               15        0.219%
L1_WB_HIT                                            1        0.015%                1        0.015%
                                                  6862      100.000%             6862      100.000%
                                                  0.00         0.05              0.00         0.05

L1_MISS_ONPATH                                   15838      100.000%            15838      100.000%
L1_MISS_OFFPATH                                      0        0.000%                0        0.000%
                                                 15838      100.000%            15838      100.000%
                                                  0.00         0.00              0.00         0.00

L1_MISS_ALL_ONPATH                              131088      100.000%           131088      100.000%
L1_MISS_ALL_OFFPATH                                  0        0.000%                0        0.000%
                                                131088      100.000%           131088      100.000%
                                                  0.00         0.00              0.00         0.00

L1_HIT_ONPATH                                     6845       99.985%             6845       99.985%
L1_HIT_OFFPATH                                       1        0.015%                1        0.015%
                                                  6846      100.000%             6846      100.000%
                                                  0.00         0.01              0.00         0.01

L1_HIT_ALL_ONPATH                                 6861       99.985%             6861       99.985%
L1_HIT_ALL_OFFPATH                                   1        0.015%                1        0.015%
                                                  6862      100.000%             6862      100.000%
                                                  0.00         0.01              0.00         0.01

L1_HIT_ONPATH_SAT_BY_OFFPATH                         0         -nan%                0         -nan%
L1_HIT_ONPATH_SAT_BY_ONPATH                          0         -nan%                0         -nan%
                                                     0         -nan%                0         -nan%
                                                  -nan         -nan              -nan         -nan

L1_HIT_OFFPATH_SAT_BY_OFFPATH                        0         -nan%                0         -nan%
L1_HIT_OFFPATH_SAT_BY_ONPATH                         0         -nan%                0         -nan%
                                                     0         -nan%                0         -nan%
                                                  -nan         -nan              -nan         -nan

L1_HIT_ONPATH_IFETCH_SAT_BY_OFFPATH                  0         -nan%                0         -nan%
L1_HIT_ONPATH_IFETCH_SAT_BY_ONPATH                   0         -nan%                0         -nan%
                                                     0         -nan%                0         -nan%
                                                  -nan         -nan              -nan         -nan

L1_HIT_ONPATH_DATA_SAT_BY_OFFPATH                    0         -nan%                0         -nan%
L1_HIT_ONPATH_DATA_SAT_BY_ONPATH                     0         -nan%                0         -nan%
                                                     0         -nan%                0         -nan%
                                                  -nan         -nan              -nan         -nan

L1_FILL_OFFPATH_IFETCH                               0                              0              

L1_FILL_OFFPATH_DATA                                 0                              0              

L1_FILL_OFFPATH                                      0                              0              

L1_USE_OFFPATH_IFETCH                                0          -nan                0          -nan

L1_USE_OFFPATH_DATA                                  0          -nan                0          -nan

L1_USE_OFFPATH                                       0          -nan                0          -nan

JUST_L1_USE_OFFPATH                                  0          -nan                0          -nan

L1_FILL_ONPATH_IFETCH                                0                              0              

L1_FILL_ONPATH_DATA                                  0                              0              

L1_FILL_ONPATH                                       0                              0              

L1_USE_ONPATH_IFETCH                                 0          -nan                0          -nan

L1_USE_ONPATH_DATA                                   0          -nan                0          -nan

L1_USE_ONPATH                                        0          -nan                0          -nan

L1_CYCLE                                       2477458                        2477458              

L1_LINES                                   38103605225    15380.1216      38103605225    15380.1216

MLC_HIT                                              0         -nan%                0         -nan%
MLC_MISS                                             0         -nan%                0         -nan%
                                                     0         -nan%                0         -nan%
                                                  -nan         -nan              -nan         -nan

MLC_HIT_ALL                                          0         -nan%                0         -nan%
MLC_MISS_ALL                                         0         -nan%                0         -nan%
                                                     0         -nan%                0         -nan%
                                                  -nan         -nan              -nan         -nan

MLC_DEMAND_MISS                                      0         -nan%                0         -nan%
MLC_PREF_REQ_MISS                                    0         -nan%                0         -nan%
MLC_WB_MISS                                          0         -nan%                0         -nan%
                                                     0         -nan%                0         -nan%
                                                  -nan         -nan              -nan         -nan

MLC_DEMAND_HIT                                       0         -nan%                0         -nan%
MLC_PREF_REQ_HIT                                     0         -nan%                0         -nan%
MLC_WB_HIT                                           0         -nan%                0         -nan%
                                                     0         -nan%                0         -nan%
                                                  -nan         -nan              -nan         -nan

MLC_MISS_ONPATH                                      0         -nan%                0         -nan%
MLC_MISS_OFFPATH                                     0         -nan%                0         -nan%
                                                     0         -nan%                0         -nan%
                                                  -nan         -nan              -nan         -nan

MLC_MISS_ALL_ONPATH                                  0         -nan%                0         -nan%
MLC_MISS_ALL_OFFPATH                                 0         -nan%                0         -nan%
                                                     0         -nan%                0         -nan%
                                                  -nan         -nan              -nan         -nan

MLC_HIT_ONPATH                                       0         -nan%                0         -nan%
MLC_HIT_OFFPATH                                      0         -nan%                0         -nan%
                                                     0         -nan%                0         -nan%
                                                  -nan         -nan              -nan         -nan

MLC_HIT_ALL_ONPATH                                   0         -nan%                0         -nan%
MLC_HIT_ALL_OFFPATH                                  0         -nan%                0         -nan%
                                                     0         -nan%                0         -nan%
                                                  -nan         -nan              -nan         -nan

DCACHE_FILL_OFFPATH                                  0                              0              

DCACHE_USE_OFFPATH                                   0          -nan                0          -nan

DCACHE_FILL_ONPATH                                   0                              0              

DCACHE_USE_ONPATH                                    0          -nan                0          -nan

ICACHE_FILL_OFFPATH                                  0                              0              

ICACHE_USE_OFFPATH                                   0          -nan                0          -nan

ICACHE_FILL_ONPATH                                   0                              0              

ICACHE_USE_ONPATH                                    0          -nan                0          -nan

REQBUF_CREATE_ONPATH                            137951                         137951              

REQBUF_ONPATH_MATCH_OFFPATH                          0        0.0000                0        0.0000

REQBUF_CREATE_ONPATH_DATA                        16249                          16249              

REQBUF_ONPATH_MATCH_OFFPATH_DATA                     0        0.0000                0        0.0000

REQBUF_CREATE_ONPATH_IFETCH                          5                              5              

REQBUF_ONPATH_MATCH_OFFPATH_IFETCH                   0        0.0000                0        0.0000

REQBUF_CREATE_OFFPATH                                1                              1              

ONPATH_KICKED_OUT_OFFPATH                            0                              0              

ONPATH_KICKED_OUT_PREFETCH                           0                              0              

DIST_ICACHE_FILL_OFFPATH_USED                        0         -nan%                0         -nan%
DIST_ICACHE_FILL_OFFPATH_NOTUSED                     0         -nan%                0         -nan%
DIST_ICACHE_FILL_ONPATH_PARTIAL                      0         -nan%                0         -nan%
DIST_ICACHE_FILL_ONPATH                              0         -nan%                0         -nan%
                                                     0         -nan%                0         -nan%
                                                  -nan         -nan              -nan         -nan

DIST_DCACHE_FILL_OFFPATH_USED                        0         -nan%                0         -nan%
DIST_DCACHE_FILL_OFFPATH_NOTUSED                     0         -nan%                0         -nan%
DIST_DCACHE_FILL_ONPATH_PARTIAL                      0         -nan%                0         -nan%
DIST_DCACHE_FILL_ONPATH                              0         -nan%                0         -nan%
                                                     0         -nan%                0         -nan%
                                                  -nan         -nan              -nan         -nan

DIST_L1_FILL_OFFPATH_USED                            0         -nan%                0         -nan%
DIST_L1_FILL_OFFPATH_NOTUSED                         0         -nan%                0         -nan%
DIST_L1_FILL_ONPATH_PARTIAL                          0         -nan%                0         -nan%
DIST_L1_FILL_ONPATH                                  0         -nan%                0         -nan%
                                                     0         -nan%                0         -nan%
                                                  -nan         -nan              -nan         -nan

DIST_JUST_L1_FILL_OFFPATH_USED                       0         -nan%                0         -nan%
DIST_JUST_L1_FILL_OFFPATH_NOTUSED                    0         -nan%                0         -nan%
DIST_JUST_L1_FILL_ONPATH_PARTIAL                     0         -nan%                0         -nan%
DIST_JUST_L1_FILL_ONPATH                             0         -nan%                0         -nan%
                                                     0         -nan%                0         -nan%
                                                  -nan         -nan              -nan         -nan

DIST_REQBUF_OFFPATH_USED                             0        0.000%                0        0.000%
DIST_REQBUF_OFFPATH_NOTUSED                          0        0.000%                0        0.000%
DIST_REQBUF_ONPATH                              137949      100.000%           137949      100.000%
                                                137949      100.000%           137949      100.000%
                                                  2.00         2.00              2.00         2.00

DIST2_REQBUF_OFFPATH_USED_PARTIAL                    0        0.000%                0        0.000%
DIST2_REQBUF_OFFPATH_USED_FULL                       0        0.000%                0        0.000%
DIST2_REQBUF_OFFPATH_NOTUSED                         0        0.000%                0        0.000%
DIST2_REQBUF_ONPATH                             137949      100.000%           137949      100.000%
                                                137949      100.000%           137949      100.000%
                                                  3.00         3.00              3.00         3.00

DIST_ICACHE_FILL                                     0                              0              

DIST_DCACHE_FILL                                     0                              0              

DIST_L1_FILL                                         0                              0              

DIST_USED_OFFPATH_ICACHE                             0         -nan%                0         -nan%
DIST_NOTUSED_OFFPATH_ICACHE                          0         -nan%                0         -nan%
                                                     0         -nan%                0         -nan%
                                                  -nan         -nan              -nan         -nan

DIST_USED_OFFPATH_DCACHE                             0         -nan%                0         -nan%
DIST_NOTUSED_OFFPATH_DCACHE                          0         -nan%                0         -nan%
                                                     0         -nan%                0         -nan%
                                                  -nan         -nan              -nan         -nan

DIST_USED_OFFPATH_L1                                 0         -nan%                0         -nan%
DIST_NOTUSED_OFFPATH_L1                              0         -nan%                0         -nan%
                                                     0         -nan%                0         -nan%
                                                  -nan         -nan              -nan         -nan

DIST_USED_OFFPATH_JUST_L1                            0         -nan%                0         -nan%
DIST_NOTUSED_OFFPATH_JUST_L1                         0         -nan%                0         -nan%
                                                     0         -nan%                0         -nan%
                                                  -nan         -nan              -nan         -nan

DIST_OFFPATH_ICACHE_FULL                             0         -nan%                0         -nan%
DIST_OFFPATH_ICACHE_PARTIAL                          0         -nan%                0         -nan%
DIST_OFFPATH_ICACHE_NOTUSED                          0         -nan%                0         -nan%
                                                     0         -nan%                0         -nan%
                                                  -nan         -nan              -nan         -nan

DIST_OFFPATH_DCACHE_FULL                             0         -nan%                0         -nan%
DIST_OFFPATH_DCACHE_PARTIAL                          0         -nan%                0         -nan%
DIST_OFFPATH_DCACHE_NOTUSED                          0         -nan%                0         -nan%
                                                     0         -nan%                0         -nan%
                                                  -nan         -nan              -nan         -nan

DIST_OFFPATH_L1_FULL                                 0         -nan%                0         -nan%
DIST_OFFPATH_L1_PARTIAL                              0         -nan%                0         -nan%
DIST_OFFPATH_L1_NOTUSED                              0         -nan%                0         -nan%
                                                     0         -nan%                0         -nan%
                                                  -nan         -nan              -nan         -nan

DIST_OFFPATH_JUST_L1_FULL                            0         -nan%                0         -nan%
DIST_OFFPATH_JUST_L1_PARTIAL                         0         -nan%                0         -nan%
DIST_OFFPATH_JUST_L1_NOTUSED                         0         -nan%                0         -nan%
                                                     0         -nan%                0         -nan%
                                                  -nan         -nan              -nan         -nan

MLC_MISS_ONPATH_IFETCH                               0         -nan%                0         -nan%
MLC_MISS_ONPATH_DFETCH                               0         -nan%                0         -nan%
MLC_MISS_ONPATH_DSTORE                               0         -nan%                0         -nan%
MLC_MISS_ONPATH_IPRF                                 0         -nan%                0         -nan%
MLC_MISS_ONPATH_DPRF                                 0         -nan%                0         -nan%
MLC_MISS_ONPATH_WB                                   0         -nan%                0         -nan%
MLC_MISS_ONPATH_WB_NODIRTY                           0         -nan%                0         -nan%
                                                     0         -nan%                0         -nan%
                                                  -nan         -nan              -nan         -nan

MLC_MISS_OFFPATH_IFETCH                              0         -nan%                0         -nan%
MLC_MISS_OFFPATH_DFETCH                              0         -nan%                0         -nan%
MLC_MISS_OFFPATH_DSTORE                              0         -nan%                0         -nan%
MLC_MISS_OFFPATH_IPRF                                0         -nan%                0         -nan%
MLC_MISS_OFFPATH_DPRF                                0         -nan%                0         -nan%
MLC_MISS_OFFPATH_WB                                  0         -nan%                0         -nan%
MLC_MISS_OFFPATH_WB_NODIRTY                          0         -nan%                0         -nan%
                                                     0         -nan%                0         -nan%
                                                  -nan         -nan              -nan         -nan

MLC_HIT_ONPATH_IFETCH                                0         -nan%                0         -nan%
MLC_HIT_ONPATH_DFETCH                                0         -nan%                0         -nan%
MLC_HIT_ONPATH_DSTORE                                0         -nan%                0         -nan%
MLC_HIT_ONPATH_IPRF                                  0         -nan%                0         -nan%
MLC_HIT_ONPATH_DPRF                                  0         -nan%                0         -nan%
MLC_HIT_ONPATH_WB                                    0         -nan%                0         -nan%
MLC_HIT_ONPATH_WB_NODIRTY                            0         -nan%                0         -nan%
                                                     0         -nan%                0         -nan%
                                                  -nan         -nan              -nan         -nan

MLC_HIT_OFFPATH_IFETCH                               0         -nan%                0         -nan%
MLC_HIT_OFFPATH_DFETCH                               0         -nan%                0         -nan%
MLC_HIT_OFFPATH_DSTORE                               0         -nan%                0         -nan%
MLC_HIT_OFFPATH_IPRF                                 0         -nan%                0         -nan%
MLC_HIT_OFFPATH_DPRF                                 0         -nan%                0         -nan%
MLC_HIT_OFFPATH_WB                                   0         -nan%                0         -nan%
MLC_HIT_OFFPATH_WB_NODIRTY                           0         -nan%                0         -nan%
                                                     0         -nan%                0         -nan%
                                                  -nan         -nan              -nan         -nan

L1_MISS_ONPATH_IFETCH                                4        0.003%                4        0.003%
L1_MISS_ONPATH_DFETCH                            15833       12.078%            15833       12.078%
L1_MISS_ONPATH_DSTORE                                1        0.001%                1        0.001%
L1_MISS_ONPATH_IPRF                                  0        0.000%                0        0.000%
L1_MISS_ONPATH_DPRF                             115250       87.918%           115250       87.918%
L1_MISS_ONPATH_WB                                    0        0.000%                0        0.000%
L1_MISS_ONPATH_WB_NODIRTY                            0        0.000%                0        0.000%
                                                131088      100.000%           131088      100.000%
                                                  3.64         0.98              3.64         0.98

L1_MISS_OFFPATH_IFETCH                               0         -nan%                0         -nan%
L1_MISS_OFFPATH_DFETCH                               0         -nan%                0         -nan%
L1_MISS_OFFPATH_DSTORE                               0         -nan%                0         -nan%
L1_MISS_OFFPATH_IPRF                                 0         -nan%                0         -nan%
L1_MISS_OFFPATH_DPRF                                 0         -nan%                0         -nan%
L1_MISS_OFFPATH_WB                                   0         -nan%                0         -nan%
L1_MISS_OFFPATH_WB_NODIRTY                           0         -nan%                0         -nan%
                                                     0         -nan%                0         -nan%
                                                  -nan         -nan              -nan         -nan

L1_HIT_ONPATH_IFETCH                                 0        0.000%                0        0.000%
L1_HIT_ONPATH_DFETCH                              6845       99.767%             6845       99.767%
L1_HIT_ONPATH_DSTORE                                 0        0.000%                0        0.000%
L1_HIT_ONPATH_IPRF                                   0        0.000%                0        0.000%
L1_HIT_ONPATH_DPRF                                  15        0.219%               15        0.219%
L1_HIT_ONPATH_WB                                     1        0.015%                1        0.015%
L1_HIT_ONPATH_WB_NODIRTY                             0        0.000%                0        0.000%
                                                  6861      100.000%             6861      100.000%
                                                  1.01         0.15              1.01         0.15

L1_HIT_OFFPATH_IFETCH                                0        0.000%                0        0.000%
L1_HIT_OFFPATH_DFETCH                                1      100.000%                1      100.000%
L1_HIT_OFFPATH_DSTORE                                0        0.000%                0        0.000%
L1_HIT_OFFPATH_IPRF                                  0        0.000%                0        0.000%
L1_HIT_OFFPATH_DPRF                                  0        0.000%                0        0.000%
L1_HIT_OFFPATH_WB                                    0        0.000%                0        0.000%
L1_HIT_OFFPATH_WB_NODIRTY                            0        0.000%                0        0.000%
                                                     1      100.000%                1      100.000%
                                                  1.00         -nan              1.00         -nan

DRAM_CYCLES                                          0                              0              

DRAM_UNBLOCK_CYCLES                                  0          -nan                0          -nan

DRAM_UNBLOCK_PERIODS                                 0                              0              

MEM_REQ_BUFFER_FULL                                968                            968              

MEM_REQ_BUFFER_FULL_DENIED_DEMAND                    0                              0              

CORE_MEM_BLOCKED                                     0                              0              

MEM_REQ_BUFFER_FULL_DENIED_IFETCH                    0        0.000%                0        0.000%
MEM_REQ_BUFFER_FULL_DENIED_DFETCH                    0        0.000%                0        0.000%
MEM_REQ_BUFFER_FULL_DENIED_DSTORE                    0        0.000%                0        0.000%
MEM_REQ_BUFFER_FULL_DENIED_IPRF                      0        0.000%                0        0.000%
MEM_REQ_BUFFER_FULL_DENIED_DPRF                    968      100.000%              968      100.000%
MEM_REQ_BUFFER_FULL_DENIED_WB                        0        0.000%                0        0.000%
MEM_REQ_BUFFER_FULL_DENIED_WB_NODIRTY                0        0.000%                0        0.000%
                                                   968      100.000%              968      100.000%
                                                  4.00         0.00              4.00         0.00

MEM_QUEUE_FULL                                       0                              0              

MEM_REQ_BUFFER_MISS                             137952       21.480%           137952       21.480%
MEM_REQ_BUFFER_HIT                              504285       78.520%           504285       78.520%
                                                642237      100.000%           642237      100.000%
                                                  0.79         0.72              0.79         0.72

MEM_REQ_IFETCH                                       5        0.004%                5        0.004%
MEM_REQ_DFETCH                                   16249       11.779%            16249       11.779%
MEM_REQ_DSTORE                                       1        0.001%                1        0.001%
MEM_REQ_IPRF                                         0        0.000%                0        0.000%
MEM_REQ_DPRF                                    121695       88.215%           121695       88.215%
MEM_REQ_WB                                           2        0.001%                2        0.001%
MEM_REQ_WB_NODIRTY                                   0        0.000%                0        0.000%
                                                137952      100.000%           137952      100.000%
                                                  3.65         0.97              3.65         0.97

LD_NO_FORWARD                                  2089157      100.000%          2089157      100.000%
FORWARDED_LD                                         0        0.000%                0        0.000%
                                               2089157      100.000%          2089157      100.000%
                                                  0.00         0.00              0.00         0.00

WRONGPATH_L1Q_REMOVALS                               0         -nan%                0         -nan%
WRONGPATH_BUSQ_REMOVALS                              0         -nan%                0         -nan%
WRONGPATH_MEMQ_REMOVALS                              0         -nan%                0         -nan%
WRONGPATH_L1FILLQ_REMOVALS                           0         -nan%                0         -nan%
                                                     0         -nan%                0         -nan%
                                                  -nan         -nan              -nan         -nan

WRONGPATH_L1Q_DEMOTIONS                              0         -nan%                0         -nan%
WRONGPATH_BUSQ_DEMOTIONS                             0         -nan%                0         -nan%
WRONGPATH_MEMQ_DEMOTIONS                             0         -nan%                0         -nan%
WRONGPATH_L1FILLQ_DEMOTIONS                          0         -nan%                0         -nan%
                                                     0         -nan%                0         -nan%
                                                  -nan         -nan              -nan         -nan

PROMOTION_QMLC                                       0        0.000%                0        0.000%
PROMOTION_QL1                                     6430      100.000%             6430      100.000%
                                                  6430      100.000%             6430      100.000%
                                                  1.00         1.00              1.00         1.00

PROMOTION_QBUSOUT                                    0                              0              

PROMOTION_QMEM                                       0                              0              

PROMOTION_QL1FILL                                    0                              0              

PROMOTION_QMLC_FILL                                  0                              0              

NOPROMOTION_QMEM                                     0                              0              

NOPROMOTION_QL1FILL                                  0         -nan%                0         -nan%
NOPROMOTION_QMLC_FILL                                0         -nan%                0         -nan%
                                                     0         -nan%                0         -nan%
                                                  -nan         -nan              -nan         -nan

ICACHE_FILL_CORRECT_REQ                              4      100.000%                4      100.000%
ICACHE_FILL_INCORRECT_REQ                            0        0.000%                0        0.000%
                                                     4      100.000%                4      100.000%
                                                  0.00         0.00              0.00         0.00

MEM_REQ_INIT                                    137952                         137952              

MEM_REQ_COMPLETE                                137943        0.9999           137943        0.9999

MEM_REQ_KILLED                                       1        0.0000                1        0.0000

MEM_REQ_COMPLETE_MLC                                 0        0.0000                0        0.0000

MEM_REQ_COMPLETE_L1                               6862        0.0497             6862        0.0497

MEM_REQ_COMPLETE_MEM                            131081        0.9502           131081        0.9502

MEM_REQ_INIT_ONPATH                             137951        1.0000           137951        1.0000

MEM_REQ_INIT_OFFPATH                                 1        0.0000                1        0.0000

MEM_REQ_COMPLETE_ONPATH                         137942        1.0000           137942        1.0000

MEM_REQ_COMPLETE_OFFPATH                             1        0.0000                1        0.0000

MEM_REQ_INIT_IFETCH                                  5        0.004%                5        0.004%
MEM_REQ_INIT_DFETCH                              16249       11.779%            16249       11.779%
MEM_REQ_INIT_DSTORE                                  1        0.001%                1        0.001%
MEM_REQ_INIT_IPRF                                    0        0.000%                0        0.000%
MEM_REQ_INIT_DPRF                               121695       88.215%           121695       88.215%
MEM_REQ_INIT_WB                                      2        0.001%                2        0.001%
MEM_REQ_INIT_WB_NODIRTY                              0        0.000%                0        0.000%
                                                137952      100.000%           137952      100.000%
                                                  3.65         0.97              3.65         0.97

MEM_REQ_COMPLETE_IFETCH                              4        0.003%                4        0.003%
MEM_REQ_COMPLETE_DFETCH                         131226       95.131%           131226       95.131%
MEM_REQ_COMPLETE_DSTORE                              1        0.001%                1        0.001%
MEM_REQ_COMPLETE_IPRF                                0        0.000%                0        0.000%
MEM_REQ_COMPLETE_DPRF                             6711        4.865%             6711        4.865%
MEM_REQ_COMPLETE_WB                                  1        0.001%                1        0.001%
MEM_REQ_COMPLETE_WB_NODIRTY                          0        0.000%                0        0.000%
                                                137943      100.000%           137943      100.000%
                                                  1.15         0.65              1.15         0.65

MEM_REQ_KILLED_IFETCH                                0        0.000%                0        0.000%
MEM_REQ_KILLED_DFETCH                                0        0.000%                0        0.000%
MEM_REQ_KILLED_DSTORE                                0        0.000%                0        0.000%
MEM_REQ_KILLED_IPRF                                  0        0.000%                0        0.000%
MEM_REQ_KILLED_DPRF                                  0        0.000%                0        0.000%
MEM_REQ_KILLED_WB                                    1      100.000%                1      100.000%
MEM_REQ_KILLED_WB_NODIRTY                            0        0.000%                0        0.000%
                                                     1      100.000%                1      100.000%
                                                  5.00         -nan              5.00         -nan

MEM_REQ_INIT_OFFPATH_IFETCH                          0        0.000%                0        0.000%
MEM_REQ_INIT_OFFPATH_DFETCH                          1      100.000%                1      100.000%
MEM_REQ_INIT_OFFPATH_DSTORE                          0        0.000%                0        0.000%
MEM_REQ_INIT_OFFPATH_IPRF                            0        0.000%                0        0.000%
MEM_REQ_INIT_OFFPATH_DPRF                            0        0.000%                0        0.000%
MEM_REQ_INIT_OFFPATH_WB                              0        0.000%                0        0.000%
MEM_REQ_INIT_OFFPATH_WB_NODIRTY                      0        0.000%                0        0.000%
                                                     1      100.000%                1      100.000%
                                                  1.00         -nan              1.00         -nan

MEM_REQ_INIT_ONPATH_IFETCH                           5        0.004%                5        0.004%
MEM_REQ_INIT_ONPATH_DFETCH                       16248       11.778%            16248       11.778%
MEM_REQ_INIT_ONPATH_DSTORE                           1        0.001%                1        0.001%
MEM_REQ_INIT_ONPATH_IPRF                             0        0.000%                0        0.000%
MEM_REQ_INIT_ONPATH_DPRF                        121695       88.216%           121695       88.216%
MEM_REQ_INIT_ONPATH_WB                               2        0.001%                2        0.001%
MEM_REQ_INIT_ONPATH_WB_NODIRTY                       0        0.000%                0        0.000%
                                                137951      100.000%           137951      100.000%
                                                  3.65         0.97              3.65         0.97

MEM_REQ_MATCH_IFETCH                                 0        0.000%                0        0.000%
MEM_REQ_MATCH_DFETCH                             60433       90.383%            60433       90.383%
MEM_REQ_MATCH_DSTORE                                 0        0.000%                0        0.000%
MEM_REQ_MATCH_IPRF                                   0        0.000%                0        0.000%
MEM_REQ_MATCH_DPRF                                6430        9.617%             6430        9.617%
MEM_REQ_MATCH_WB                                     0        0.000%                0        0.000%
MEM_REQ_MATCH_WB_NODIRTY                             0        0.000%                0        0.000%
                                                 66863      100.000%            66863      100.000%
                                                  1.29         0.88              1.29         0.88

MEM_REQ_COMPLETE_OFFPATH_IFETCH                      0        0.000%                0        0.000%
MEM_REQ_COMPLETE_OFFPATH_DFETCH                      1      100.000%                1      100.000%
MEM_REQ_COMPLETE_OFFPATH_DSTORE                      0        0.000%                0        0.000%
MEM_REQ_COMPLETE_OFFPATH_IPRF                        0        0.000%                0        0.000%
MEM_REQ_COMPLETE_OFFPATH_DPRF                        0        0.000%                0        0.000%
MEM_REQ_COMPLETE_OFFPATH_WB                          0        0.000%                0        0.000%
MEM_REQ_COMPLETE_OFFPATH_WB_NODIRTY                  0        0.000%                0        0.000%
                                                     1      100.000%                1      100.000%
                                                  1.00         -nan              1.00         -nan

MEM_REQ_COMPLETE_ONPATH_IFETCH                       4        0.003%                4        0.003%
MEM_REQ_COMPLETE_ONPATH_DFETCH                  131225       95.131%           131225       95.131%
MEM_REQ_COMPLETE_ONPATH_DSTORE                       1        0.001%                1        0.001%
MEM_REQ_COMPLETE_ONPATH_IPRF                         0        0.000%                0        0.000%
MEM_REQ_COMPLETE_ONPATH_DPRF                      6711        4.865%             6711        4.865%
MEM_REQ_COMPLETE_ONPATH_WB                           1        0.001%                1        0.001%
MEM_REQ_COMPLETE_ONPATH_WB_NODIRTY                   0        0.000%                0        0.000%
                                                137942      100.000%           137942      100.000%
                                                  1.15         0.65              1.15         0.65

MEM_REQ_COMPLETE_MEM_IFETCH                          4        0.003%                4        0.003%
MEM_REQ_COMPLETE_MEM_DFETCH                     124380       94.888%           124380       94.888%
MEM_REQ_COMPLETE_MEM_DSTORE                          1        0.001%                1        0.001%
MEM_REQ_COMPLETE_MEM_IPRF                            0        0.000%                0        0.000%
MEM_REQ_COMPLETE_MEM_DPRF                         6696        5.108%             6696        5.108%
MEM_REQ_COMPLETE_MEM_WB                              0        0.000%                0        0.000%
MEM_REQ_COMPLETE_MEM_WB_NODIRTY                      0        0.000%                0        0.000%
                                                131081      100.000%           131081      100.000%
                                                  1.15         0.66              1.15         0.66

MEM_REQ_COMPLETE_MEM_BW_PREFETCHABLE                 0                              0              

MEM_REQ_COMPLETE_MEM_MATCHED_BW_PREF                 0                              0              

MEM_REQ_COMPLETE_L1_IFETCH                           0        0.000%                0        0.000%
MEM_REQ_COMPLETE_L1_DFETCH                        6846       99.767%             6846       99.767%
MEM_REQ_COMPLETE_L1_DSTORE                           0        0.000%                0        0.000%
MEM_REQ_COMPLETE_L1_IPRF                             0        0.000%                0        0.000%
MEM_REQ_COMPLETE_L1_DPRF                            15        0.219%               15        0.219%
MEM_REQ_COMPLETE_L1_WB                               1        0.015%                1        0.015%
MEM_REQ_COMPLETE_L1_WB_NODIRTY                       0        0.000%                0        0.000%
                                                  6862      100.000%             6862      100.000%
                                                  1.01         0.15              1.01         0.15

MEM_REQ_COMPLETE_MLC_IFETCH                          0         -nan%                0         -nan%
MEM_REQ_COMPLETE_MLC_DFETCH                          0         -nan%                0         -nan%
MEM_REQ_COMPLETE_MLC_DSTORE                          0         -nan%                0         -nan%
MEM_REQ_COMPLETE_MLC_IPRF                            0         -nan%                0         -nan%
MEM_REQ_COMPLETE_MLC_DPRF                            0         -nan%                0         -nan%
MEM_REQ_COMPLETE_MLC_WB                              0         -nan%                0         -nan%
MEM_REQ_COMPLETE_MLC_WB_NODIRTY                      0         -nan%                0         -nan%
                                                     0         -nan%                0         -nan%
                                                  -nan         -nan              -nan         -nan

CORE_MLP_CLUSTERS                                    0                              0              

CORE_MLP                                      18720445                       18720445              

CORE_MLP_IFETCH                                      0                              0              

CORE_MLP_DFETCH                                      0                              0              

CORE_MLP_DSTORE                                      0                              0              

CORE_MLP_IPRF                                        0                              0              

CORE_MLP_DPRF                                        0                              0              

CORE_MLP_WB                                          0                              0              

CORE_MLP_WB_NODIRTY                                  0                              0              

CORE_MLP_0                                       47142        1.903%            47142        1.903%
CORE_MLP_1                                       39621        1.599%            39621        1.599%
CORE_MLP_2                                       63509        2.563%            63509        2.563%
CORE_MLP_3                                      158589        6.401%           158589        6.401%
CORE_MLP_4                                      159124        6.423%           159124        6.423%
CORE_MLP_5                                      240381        9.703%           240381        9.703%
CORE_MLP_6                                      278284       11.233%           278284       11.233%
CORE_MLP_7                                      248937       10.048%           248937       10.048%
CORE_MLP_8                                      189242        7.639%           189242        7.639%
CORE_MLP_9                                      221107        8.925%           221107        8.925%
CORE_MLP_10                                     279386       11.277%           279386       11.277%
CORE_MLP_11                                     266641       10.763%           266641       10.763%
CORE_MLP_12                                     182317        7.359%           182317        7.359%
CORE_MLP_13                                      70118        2.830%            70118        2.830%
CORE_MLP_14                                      17892        0.722%            17892        0.722%
CORE_MLP_15                                       9740        0.393%             9740        0.393%
CORE_MLP_16                                       3697        0.149%             3697        0.149%
CORE_MLP_17                                         85        0.003%               85        0.003%
CORE_MLP_18                                         83        0.003%               83        0.003%
CORE_MLP_19                                         88        0.004%               88        0.004%
CORE_MLP_20                                         94        0.004%               94        0.004%
CORE_MLP_21                                         96        0.004%               96        0.004%
CORE_MLP_22                                         74        0.003%               74        0.003%
CORE_MLP_23                                         67        0.003%               67        0.003%
CORE_MLP_24                                        102        0.004%              102        0.004%
CORE_MLP_25                                        115        0.005%              115        0.005%
CORE_MLP_26                                        541        0.022%              541        0.022%
CORE_MLP_27                                        386        0.016%              386        0.016%
CORE_MLP_28                                          0        0.000%                0        0.000%
CORE_MLP_29                                          0        0.000%                0        0.000%
CORE_MLP_30                                          0        0.000%                0        0.000%
CORE_MLP_31                                          0        0.000%                0        0.000%
CORE_MLP_32                                          0        0.000%                0        0.000%
                                               2477458      100.000%          2477458      100.000%
                                                  7.56         3.13              7.56         3.13

MEM_QUEUE_OCC_0                                      0         -nan%                0         -nan%
MEM_QUEUE_OCC_4                                      0         -nan%                0         -nan%
MEM_QUEUE_OCC_8                                      0         -nan%                0         -nan%
MEM_QUEUE_OCC_12                                     0         -nan%                0         -nan%
MEM_QUEUE_OCC_16                                     0         -nan%                0         -nan%
MEM_QUEUE_OCC_20                                     0         -nan%                0         -nan%
MEM_QUEUE_OCC_24                                     0         -nan%                0         -nan%
MEM_QUEUE_OCC_28                                     0         -nan%                0         -nan%
MEM_QUEUE_OCC_32                                     0         -nan%                0         -nan%
MEM_QUEUE_OCC_36                                     0         -nan%                0         -nan%
MEM_QUEUE_OCC_40                                     0         -nan%                0         -nan%
MEM_QUEUE_OCC_44                                     0         -nan%                0         -nan%
MEM_QUEUE_OCC_48                                     0         -nan%                0         -nan%
MEM_QUEUE_OCC_52                                     0         -nan%                0         -nan%
MEM_QUEUE_OCC_56                                     0         -nan%                0         -nan%
MEM_QUEUE_OCC_60                                     0         -nan%                0         -nan%
MEM_QUEUE_OCC_64                                     0         -nan%                0         -nan%
MEM_QUEUE_OCC_68                                     0         -nan%                0         -nan%
MEM_QUEUE_OCC_72                                     0         -nan%                0         -nan%
MEM_QUEUE_OCC_76                                     0         -nan%                0         -nan%
MEM_QUEUE_OCC_80                                     0         -nan%                0         -nan%
MEM_QUEUE_OCC_84                                     0         -nan%                0         -nan%
MEM_QUEUE_OCC_88                                     0         -nan%                0         -nan%
MEM_QUEUE_OCC_92                                     0         -nan%                0         -nan%
MEM_QUEUE_OCC_96                                     0         -nan%                0         -nan%
MEM_QUEUE_OCC_100                                    0         -nan%                0         -nan%
MEM_QUEUE_OCC_104                                    0         -nan%                0         -nan%
MEM_QUEUE_OCC_108                                    0         -nan%                0         -nan%
MEM_QUEUE_OCC_112                                    0         -nan%                0         -nan%
MEM_QUEUE_OCC_116                                    0         -nan%                0         -nan%
MEM_QUEUE_OCC_120                                    0         -nan%                0         -nan%
MEM_QUEUE_OCC_124                                    0         -nan%                0         -nan%
MEM_QUEUE_OCC_128                                    0         -nan%                0         -nan%
                                                     0         -nan%                0         -nan%
                                                  -nan         -nan              -nan         -nan

OPEN_PAGE_HIT                                        0         -nan%                0         -nan%
CLOSED_PAGE_MISS                                     0         -nan%                0         -nan%
WRONG_PAGE_MISS                                      0         -nan%                0         -nan%
                                                     0         -nan%                0         -nan%
                                                  -nan         -nan              -nan         -nan

L0_LD_BANK_BLOCK                                     0         -nan%                0         -nan%
L0_LD_BANK_AVAIL                                     0         -nan%                0         -nan%
                                                     0         -nan%                0         -nan%
                                                  -nan         -nan              -nan         -nan

L0_ST_BANK_BLOCK                                     0         -nan%                0         -nan%
L0_ST_BANK_AVAIL                                     0         -nan%                0         -nan%
                                                     0         -nan%                0         -nan%
                                                  -nan         -nan              -nan         -nan

L0_LD_CACHE_BLOCK                                    0         -nan%                0         -nan%
L0_LD_CACHE_AVAIL                                    0         -nan%                0         -nan%
                                                     0         -nan%                0         -nan%
                                                  -nan         -nan              -nan         -nan

MLC_LD_BANK_BLOCK                                    0         -nan%                0         -nan%
MLC_LD_BANK_AVAIL                                    0         -nan%                0         -nan%
                                                     0         -nan%                0         -nan%
                                                  -nan         -nan              -nan         -nan

MLC_ST_BANK_BLOCK                                    0         -nan%                0         -nan%
MLC_ST_BANK_AVAIL                                    0         -nan%                0         -nan%
                                                     0         -nan%                0         -nan%
                                                  -nan         -nan              -nan         -nan

MLC_LD_CACHE_BLOCK                                   0         -nan%                0         -nan%
MLC_LD_CACHE_AVAIL                                   0         -nan%                0         -nan%
                                                     0         -nan%                0         -nan%
                                                  -nan         -nan              -nan         -nan

MLC_ST_CACHE_BLOCK                                   0         -nan%                0         -nan%
MLC_ST_CACHE_AVAIL                                   0         -nan%                0         -nan%
                                                     0         -nan%                0         -nan%
                                                  -nan         -nan              -nan         -nan

L1_LD_BANK_BLOCK                                105326       43.295%           105326       43.295%
L1_LD_BANK_AVAIL                                137950       56.705%           137950       56.705%
                                                243276      100.000%           243276      100.000%
                                                  0.57         0.54              0.57         0.54

L1_ST_BANK_BLOCK                                     0        0.000%                0        0.000%
L1_ST_BANK_AVAIL                                     1      100.000%                1      100.000%
                                                     1      100.000%                1      100.000%
                                                  1.00          inf              1.00          inf

L1_LD_CACHE_BLOCK                                    0         -nan%                0         -nan%
L1_LD_CACHE_AVAIL                                    0         -nan%                0         -nan%
                                                     0         -nan%                0         -nan%
                                                  -nan         -nan              -nan         -nan

L1_ST_CACHE_BLOCK                                    0         -nan%                0         -nan%
L1_ST_CACHE_AVAIL                                    0         -nan%                0         -nan%
                                                     0         -nan%                0         -nan%
                                                  -nan         -nan              -nan         -nan

MEM_LD_BANK_BLOCK                                    0         -nan%                0         -nan%
MEM_LD_BANK_AVAIL                                    0         -nan%                0         -nan%
                                                     0         -nan%                0         -nan%
                                                  -nan         -nan              -nan         -nan

MEM_ST_BANK_BLOCK                                    0         -nan%                0         -nan%
MEM_ST_BANK_AVAIL                                    0         -nan%                0         -nan%
                                                     0         -nan%                0         -nan%
                                                  -nan         -nan              -nan         -nan

MEM_PF_BANK_BLOCK                                    0         -nan%                0         -nan%
MEM_PF_BANK_AVAIL                                    0         -nan%                0         -nan%
                                                     0         -nan%                0         -nan%
                                                  -nan         -nan              -nan         -nan

L0_FILL                                              0                              0              

L1_FILL                                         131081      100.000%           131081      100.000%
L1_WB_FILL                                           0        0.000%                0        0.000%
                                                131081      100.000%           131081      100.000%
                                                  0.00         0.00              0.00         0.00

L1_DEMAND_FILL                                    9408        7.177%             9408        7.177%
L1_PREF_FILL                                    121673       92.823%           121673       92.823%
                                                131081      100.000%           131081      100.000%
                                                  0.93         0.90              0.93         0.90

MLC_FILL                                             0         -nan%                0         -nan%
MLC_WB_FILL                                          0         -nan%                0         -nan%
                                                     0         -nan%                0         -nan%
                                                  -nan         -nan              -nan         -nan

MLC_DEMAND_FILL                                      0         -nan%                0         -nan%
MLC_PREF_FILL                                        0         -nan%                0         -nan%
                                                     0         -nan%                0         -nan%
                                                  -nan         -nan              -nan         -nan

NORESET_L1_FILL                                 131081                         131081              

NORESET_L1_FILL_NONPREF                           9408                           9408              

NORESET_L1_FILL_PREF                            121673                         121673              

NORESET_L1_EVICT                                114697                         114697              

NORESET_L1_EVICT_NONPREF                          8256                           8256              

NORESET_L1_EVICT_PREF_USED                      106441                         106441              

NORESET_L1_EVICT_PREF_UNUSED                         0                              0              

NORESET_L1_PREF_USED                              6694                           6694              

ORACLE_OFFPATH_DC_FILL                               0                              0              

ORACLE_OFFPATH_IC_FILL                               0                              0              

ORACLE_OFFPATH_L1_FILL                               0                              0              

UPDATE_EVENT_QUEUE_PROCESS                           0                              0              

INSERT_EVENT_QUEUE_PROCESS                           0                              0              

ICFILL_AFTER_REDIRECT                                0                              0              

EVENT_QUEUE_MATCH_ADD_REQ                            0                              0              

DC_PREF_CACHE_INSERT_REQ                             0                              0              

DC_PREF_REQ_DCACHE_HIT                               0         -nan%                0         -nan%
DC_PREF_REQ_PREF_CACHE_HIT                           0         -nan%                0         -nan%
DC_PREF_REQ_L1_MISS                                  0         -nan%                0         -nan%
DC_PREF_REQ_CORR                                     0         -nan%                0         -nan%
                                                     0         -nan%                0         -nan%
                                                  -nan         -nan              -nan         -nan

DC_PREF_CACHE_INSERT                                 0                              0              

DC_PREF_CACHE_HIT_PER                                0        0.000%                0        0.000%

DC_PREF_CACHE_HIT_PER_OFFPATH                        0        0.000%                0        0.000%

DC_PREF_CACHE_HIT                                    0                              0              

DC_PREF_CACHE_HIT_OFFPATH                            0                              0              

DC_PREF_HIT_L1_MISS                                  0                              0              

IC_PREF_CACHE_HIT_PER                                0        0.000%                0        0.000%

IC_PREF_CACHE_HIT_PER_OFFPATH                        0        0.000%                0        0.000%

IC_PREF_CACHE_HIT                                    0                              0              

IC_PREF_CACHE_HIT_OFFPATH                            0                              0              

L1_PREF_CACHE_HIT_PER                                0        0.000%                0        0.000%

L1_PREF_CACHE_HIT_PER_OFFPATH                        0        0.000%                0        0.000%

L1_PREF_CACHE_HIT                                    0                              0              

L1_PREF_CACHE_HIT_OFFPATH                            0                              0              

DC_PREF_CACHE_FILL                                   0                              0              

DC_PREF_MOVE_DC                                      0         -nan%                0         -nan%

DC_PREF_MOVE_L1                                      0         -nan%                0         -nan%

IC_PREF_CACHE_FILL                                   0                              0              

IC_PREF_MOVE_IC                                      0         -nan%                0         -nan%

IC_PREF_MOVE_L1                                      0         -nan%                0         -nan%

L1_PREF_CACHE_FILL                                   0                              0              

L1_PREF_MOVE_L1                                      0         -nan%                0         -nan%

OFF_PATH_CONFIRMED                                 129                            129              

OFF_PATH_NO_FILL_L1                                  0                              0              

WB_L1_MISS_FILL_L1                                   0                              0              

WB_MLC_MISS_FILL_MLC                                 0                              0              

ICACHE_EVICT_REQ_WB_L1                               0                              0              

DCACHE_EVICT_REQ_WB_L1                               0                              0              

DCACHE_EVICT_REQ_WB_L1_NOREAD                        0                              0              

L1_FILL_SKIPPED                                      0                              0              

MLC_FILL_SKIPPED                                     0                              0              

DCACHE_FILL                                     131227                         131227              

DCACHE_WB_REQ                                        1        0.0000                1        0.0000

DCACHE_WB_REQ_DIRTY                                  1      100.000%                1      100.000%
DCACHE_WB_REQ_NODIRTY                                0        0.000%                0        0.000%
                                                     1      100.000%                1      100.000%
                                                  0.00         -nan              0.00         -nan

ICACHE_FILL                                          4                              4              

ICACHE_WB_REQ                                        0        0.0000                0        0.0000

L1_FILL_DIRTY                                        1        0.0000                1        0.0000

MLC_FILL_DIRTY                                       0          -nan                0          -nan

MEM_REQ_DENIED_NULL                                  0         -nan%                0         -nan%
MEM_REQ_DENIED_INST_OUTOF_CS                         0         -nan%                0         -nan%
MEM_REQ_DENIED_DATA_IN_CS                            0         -nan%                0         -nan%
MEM_REQ_DENIED_DATA_OUTOF_RANGE                      0         -nan%                0         -nan%
                                                     0         -nan%                0         -nan%
                                                  -nan         -nan              -nan         -nan

MEM_REQ_DENIED                                       0         -nan%                0         -nan%
MEM_REQ_NOT_DENIED                                   0         -nan%                0         -nan%
                                                     0         -nan%                0         -nan%
                                                  -nan         -nan              -nan         -nan

DEMAND_HIT_WB_STALL                                  0                              0              

EXCLUSION_VIOLATED_OSR                               0         -nan%                0         -nan%
EXCLUSION_VIOLATED_NOTOSR                            0         -nan%                0         -nan%
EXCLUSION_NOT_VIOLATED                               0         -nan%                0         -nan%
                                                     0         -nan%                0         -nan%
                                                  -nan         -nan              -nan         -nan

DIRTY_WRITE_TO_ICACHE                                0                              0              

STREAM_DC_HIT_NOSEND                                 0         -nan%                0         -nan%
STREAM_WBQDC_HIT_NOSEND                              0         -nan%                0         -nan%
                                                     0         -nan%                0         -nan%
                                                  -nan         -nan              -nan         -nan

STREAM_DCACHE_PREF_HIT                               0                              0              

PREF_DC_HIT_ON_INSERT                                0         -nan%                0         -nan%
PREF_L1_HIT_ON_INSERT                                0         -nan%                0         -nan%
                                                     0         -nan%                0         -nan%
                                                  -nan         -nan              -nan         -nan

L1_NEWREQ_MATCHED_MLC_REQ                            0                              0              

MLC_NEWREQ_MATCHED_L2_PREF                           0                              0              

MLC_NEWREQ_MATCHED_L2_PREF_MLC_HIT                   0          -nan                0          -nan

NEWREQ_WB_MATCH_IGNORED                              0                              0              

DEMAND_MATCH_WB_NEW_DONE_FUNC                        0         -nan%                0         -nan%
DEMAND_MATCH_WB_NEW_DONE_FUNC_NULL                   0         -nan%                0         -nan%
DEMAND_MATCH_WB_DONE_FUNC_NOT_SAME                   0         -nan%                0         -nan%
DEMAND_MATCH_WB_DONE_FUNC_SAME                       0         -nan%                0         -nan%
                                                     0         -nan%                0         -nan%
                                                  -nan         -nan              -nan         -nan

DEMAND_MATCH_WB                                      0         -nan%                0         -nan%
DEMAND_MATCH_WB_NODIRTY                              0         -nan%                0         -nan%
                                                     0         -nan%                0         -nan%
                                                  -nan         -nan              -nan         -nan

DEMAND_MATCH_WBALL_IFETCH                            0         -nan%                0         -nan%
DEMAND_MATCH_WBALL_DFETCH                            0         -nan%                0         -nan%
DEMAND_MATCH_WBALL_DSTORE                            0         -nan%                0         -nan%
DEMAND_MATCH_WBALL_IPRF                              0         -nan%                0         -nan%
DEMAND_MATCH_WBALL_DPRF                              0         -nan%                0         -nan%
DEMAND_MATCH_WBALL_WB                                0         -nan%                0         -nan%
DEMAND_MATCH_WBALL_WB_NODIRTY                        0         -nan%                0         -nan%
                                                     0         -nan%                0         -nan%
                                                  -nan         -nan              -nan         -nan

DEMAND_MATCH_WB_IFETCH                               0         -nan%                0         -nan%
DEMAND_MATCH_WB_DFETCH                               0         -nan%                0         -nan%
DEMAND_MATCH_WB_DSTORE                               0         -nan%                0         -nan%
DEMAND_MATCH_WB_IPRF                                 0         -nan%                0         -nan%
DEMAND_MATCH_WB_DPRF                                 0         -nan%                0         -nan%
DEMAND_MATCH_WB_WB                                   0         -nan%                0         -nan%
DEMAND_MATCH_WB_WB_NODIRTY                           0         -nan%                0         -nan%
                                                     0         -nan%                0         -nan%
                                                  -nan         -nan              -nan         -nan

DEMAND_MATCH_WB_ND_IFETCH                            0         -nan%                0         -nan%
DEMAND_MATCH_WB_ND_DFETCH                            0         -nan%                0         -nan%
DEMAND_MATCH_WB_ND_DSTORE                            0         -nan%                0         -nan%
DEMAND_MATCH_WB_ND_IPRF                              0         -nan%                0         -nan%
DEMAND_MATCH_WB_ND_DPRF                              0         -nan%                0         -nan%
DEMAND_MATCH_WB_ND_WB                                0         -nan%                0         -nan%
DEMAND_MATCH_WB_ND_WB_NODIRTY                        0         -nan%                0         -nan%
                                                     0         -nan%                0         -nan%
                                                  -nan         -nan              -nan         -nan

WB_MATCH_DEMAND                                      0        0.000%                0        0.000%
WB_MATCH_PREF                                        0        0.000%                0        0.000%
WB_MATCH_WB                                          0        0.000%                0        0.000%
WB_MATCH_WB_FILTERED                             56631      100.000%            56631      100.000%
                                                 56631      100.000%            56631      100.000%
                                                  3.00         3.00              3.00         3.00

WB_COMING_BACK_FROM_MEM                              0                              0              

WB_COMING_BACK_FROM_L1                               0                              0              

WB_COMING_BACK_FROM_MLC                              0                              0              

MEM_REQ_MATCH_OFF_PATH_HIT_BY_ON_PATH                0        0.000%                0        0.000%
MEM_REQ_MATCH_OFF_PATH_HIT_BY_ON_PATH_ETC        499054      100.000%           499054      100.000%
                                                499054      100.000%           499054      100.000%
                                                  1.00         1.00              1.00         1.00

TOTAL_ONPATH_ICACHE_FILLS                            0                              0              

TOTAL_ONPATH_DCACHE_FILLS                            0                              0              

TOTAL_ONPATH_L1_FILLS                                0                              0              

PER1K_ONPATH_ICACHE_FILLS                            0        0.0000                0        0.0000

PER1K_ONPATH_DCACHE_FILLS                            0        0.0000                0        0.0000

PER1K_ONPATH_L1_FILLS                                0        0.0000                0        0.0000

PER1K_L1_DEMAND_MISS_ONPATH                      15838        2.3239            15838        2.3239

PER1K_L1_DEMAND_MISS_OFFPATH                         0        0.0000                0        0.0000

L2_IDEAL_FILL_L1                                     0         -nan%                0         -nan%
L2_IDEAL_MISS_L2                                     0         -nan%                0         -nan%
                                                     0         -nan%                0         -nan%
                                                  -nan         -nan              -nan         -nan

L2_IDEAL_FILL_ICACHE                                 0         -nan%                0         -nan%
L2_IDEAL_MISS_ICACHE                                 0         -nan%                0         -nan%
                                                     0         -nan%                0         -nan%
                                                  -nan         -nan              -nan         -nan

HPS_MISS_DELTA__0                                    0         -nan%                0         -nan%
HPS_MISS_DELTA__1                                    0         -nan%                0         -nan%
HPS_MISS_DELTA__2                                    0         -nan%                0         -nan%
HPS_MISS_DELTA__3                                    0         -nan%                0         -nan%
HPS_MISS_DELTA__4                                    0         -nan%                0         -nan%
HPS_MISS_DELTA__5                                    0         -nan%                0         -nan%
HPS_MISS_DELTA__6                                    0         -nan%                0         -nan%
HPS_MISS_DELTA__7                                    0         -nan%                0         -nan%
HPS_MISS_DELTA__8                                    0         -nan%                0         -nan%
HPS_MISS_DELTA__9                                    0         -nan%                0         -nan%
                                                     0         -nan%                0         -nan%
                                                  -nan         -nan              -nan         -nan

HPS_HIT_DELTA__0                                     0         -nan%                0         -nan%
HPS_HIT_DELTA__1                                     0         -nan%                0         -nan%
HPS_HIT_DELTA__2                                     0         -nan%                0         -nan%
HPS_HIT_DELTA__3                                     0         -nan%                0         -nan%
HPS_HIT_DELTA__4                                     0         -nan%                0         -nan%
HPS_HIT_DELTA__5                                     0         -nan%                0         -nan%
HPS_HIT_DELTA__6                                     0         -nan%                0         -nan%
HPS_HIT_DELTA__7                                     0         -nan%                0         -nan%
HPS_HIT_DELTA__8                                     0         -nan%                0         -nan%
HPS_HIT_DELTA__9                                     0         -nan%                0         -nan%
                                                     0         -nan%                0         -nan%
                                                  -nan         -nan              -nan         -nan

DC_MISS_DELTA__0                                     0         -nan%                0         -nan%
DC_MISS_DELTA__1                                     0         -nan%                0         -nan%
DC_MISS_DELTA__2                                     0         -nan%                0         -nan%
DC_MISS_DELTA__3                                     0         -nan%                0         -nan%
DC_MISS_DELTA__4                                     0         -nan%                0         -nan%
DC_MISS_DELTA__5                                     0         -nan%                0         -nan%
DC_MISS_DELTA__6                                     0         -nan%                0         -nan%
DC_MISS_DELTA__7                                     0         -nan%                0         -nan%
DC_MISS_DELTA__8                                     0         -nan%                0         -nan%
DC_MISS_DELTA__9                                     0         -nan%                0         -nan%
                                                     0         -nan%                0         -nan%
                                                  -nan         -nan              -nan         -nan

ONE_MORE_SUCESS                                      0         -nan%                0         -nan%
ONE_MORE_DISCARDED_L0CACHE                           0         -nan%                0         -nan%
ONE_MORE_DISCARDED_MEM_REQ_FULL                      0         -nan%                0         -nan%
                                                     0         -nan%                0         -nan%
                                                  -nan         -nan              -nan         -nan

PREF_L1_TOTAL_SENT                              121680                         121680              

PREF_L1_TOTAL_USED                                6694        5.502%             6694        5.502%
PREF_L1_TOTAL_PARTIAL_USED                      114977       94.497%           114977       94.497%
PREF_L1_TOTAL_NOT_USED                               2        0.002%                2        0.002%
PREF_L1_TOTAL_DROPPED                                0        0.000%                0        0.000%
                                                121673      100.000%           121673      100.000%
                                                  0.95         0.05              0.95         0.05

PREF_MLC_TOTAL_SENT                                  0                              0              

PREF_MLC_TOTAL_USED                                  0         -nan%                0         -nan%
PREF_MLC_TOTAL_PARTIAL_USED                          0         -nan%                0         -nan%
PREF_MLC_TOTAL_NOT_USED                              0         -nan%                0         -nan%
PREF_MLC_TOTAL_DROPPED                               0         -nan%                0         -nan%
                                                     0         -nan%                0         -nan%
                                                  -nan         -nan              -nan         -nan

CORE_MLC_PREF_REQ_MISS                               0         -nan%                0         -nan%
CORE_MLC_DEMAND_MISS                                 0         -nan%                0         -nan%
CORE_MLC_WB_MISS                                     0         -nan%                0         -nan%
                                                     0         -nan%                0         -nan%
                                                  -nan         -nan              -nan         -nan

CORE_MLC_PREF_REQ_HIT                                0         -nan%                0         -nan%
CORE_MLC_DEMAND_HIT                                  0         -nan%                0         -nan%
CORE_MLC_WB_HIT                                      0         -nan%                0         -nan%
                                                     0         -nan%                0         -nan%
                                                  -nan         -nan              -nan         -nan

CORE_MLC_HIT                                         0         -nan%                0         -nan%
CORE_MLC_MISS                                        0         -nan%                0         -nan%
                                                     0         -nan%                0         -nan%
                                                  -nan         -nan              -nan         -nan

CORE_MLC_FILL                                        0         -nan%                0         -nan%
CORE_MLC_WB_FILL                                     0         -nan%                0         -nan%
                                                     0         -nan%                0         -nan%
                                                  -nan         -nan              -nan         -nan

CORE_MLC_DEMAND_FILL                                 0         -nan%                0         -nan%
CORE_MLC_PREF_FILL                                   0         -nan%                0         -nan%
                                                     0         -nan%                0         -nan%
                                                  -nan         -nan              -nan         -nan

CORE_MLC_PREF_FILL_USED                              0         -nan%                0         -nan%
CORE_MLC_PREF_FILL_PARTIAL_USED                      0         -nan%                0         -nan%
CORE_MLC_PREF_FILL_NOT_USED                          0         -nan%                0         -nan%
                                                     0         -nan%                0         -nan%
                                                  -nan         -nan              -nan         -nan

CORE_L1_PREF_REQ_MISS                           121680       92.823%           121680       92.823%
CORE_L1_DEMAND_MISS                               9408        7.177%             9408        7.177%
CORE_L1_WB_MISS                                      0        0.000%                0        0.000%
                                                131088      100.000%           131088      100.000%
                                                  0.07         0.25              0.07         0.25

CORE_L1_PREF_REQ_HIT                                15        0.219%               15        0.219%
CORE_L1_DEMAND_HIT                                6846       99.767%             6846       99.767%
CORE_L1_WB_HIT                                       1        0.015%                1        0.015%
                                                  6862      100.000%             6862      100.000%
                                                  1.00         0.02              1.00         0.02

CORE_L1_HIT                                       6846       30.180%             6846       30.180%
CORE_L1_MISS                                     15838       69.820%            15838       69.820%
                                                 22684      100.000%            22684      100.000%
                                                  0.70         0.64              0.70         0.64

CORE_L1_FILL                                    131081      100.000%           131081      100.000%
CORE_L1_WB_FILL                                      0        0.000%                0        0.000%
                                                131081      100.000%           131081      100.000%
                                                  0.00         0.00              0.00         0.00

CORE_L1_DEMAND_FILL                               9408        7.177%             9408        7.177%
CORE_L1_PREF_FILL                               121673       92.823%           121673       92.823%
                                                131081      100.000%           131081      100.000%
                                                  0.93         0.90              0.93         0.90

CORE_L1_PREF_FILL_USED                            6694        5.502%             6694        5.502%
CORE_L1_PREF_FILL_PARTIAL_USED                  114977       94.497%           114977       94.497%
CORE_L1_PREF_FILL_NOT_USED                           2        0.002%                2        0.002%
                                                121673      100.000%           121673      100.000%
                                                  0.95         0.05              0.95         0.05

CORE_L1_DEMAND_USED_POS0                             0         -nan%                0         -nan%
CORE_L1_DEMAND_USED_POS1                             0         -nan%                0         -nan%
CORE_L1_DEMAND_USED_POS2                             0         -nan%                0         -nan%
CORE_L1_DEMAND_USED_POS3                             0         -nan%                0         -nan%
CORE_L1_DEMAND_USED_POS4                             0         -nan%                0         -nan%
CORE_L1_DEMAND_USED_POS5                             0         -nan%                0         -nan%
CORE_L1_DEMAND_USED_POS6                             0         -nan%                0         -nan%
CORE_L1_DEMAND_USED_POS7                             0         -nan%                0         -nan%
CORE_L1_DEMAND_USED_POS8                             0         -nan%                0         -nan%
CORE_L1_DEMAND_USED_POS9                             0         -nan%                0         -nan%
CORE_L1_DEMAND_USED_POS10                            0         -nan%                0         -nan%
CORE_L1_DEMAND_USED_POS11                            0         -nan%                0         -nan%
CORE_L1_DEMAND_USED_POS12                            0         -nan%                0         -nan%
CORE_L1_DEMAND_USED_POS13                            0         -nan%                0         -nan%
CORE_L1_DEMAND_USED_POS14                            0         -nan%                0         -nan%
CORE_L1_DEMAND_USED_POS15                            0         -nan%                0         -nan%
CORE_L1_DEMAND_USED_POS16                            0         -nan%                0         -nan%
CORE_L1_DEMAND_USED_POS17                            0         -nan%                0         -nan%
CORE_L1_DEMAND_USED_POS18                            0         -nan%                0         -nan%
CORE_L1_DEMAND_USED_POS19                            0         -nan%                0         -nan%
CORE_L1_DEMAND_USED_POS20                            0         -nan%                0         -nan%
CORE_L1_DEMAND_USED_POS21                            0         -nan%                0         -nan%
CORE_L1_DEMAND_USED_POS22                            0         -nan%                0         -nan%
CORE_L1_DEMAND_USED_POS23                            0         -nan%                0         -nan%
CORE_L1_DEMAND_USED_POS24                            0         -nan%                0         -nan%
CORE_L1_DEMAND_USED_POS25                            0         -nan%                0         -nan%
CORE_L1_DEMAND_USED_POS26                            0         -nan%                0         -nan%
CORE_L1_DEMAND_USED_POS27                            0         -nan%                0         -nan%
CORE_L1_DEMAND_USED_POS28                            0         -nan%                0         -nan%
CORE_L1_DEMAND_USED_POS29                            0         -nan%                0         -nan%
CORE_L1_DEMAND_USED_POS30                            0         -nan%                0         -nan%
CORE_L1_DEMAND_USED_POS31                            0         -nan%                0         -nan%
CORE_L1_DEMAND_USED_POS32                            0         -nan%                0         -nan%
CORE_L1_DEMAND_USED_POS33                            0         -nan%                0         -nan%
CORE_L1_DEMAND_USED_POS34                            0         -nan%                0         -nan%
CORE_L1_DEMAND_USED_POS35                            0         -nan%                0         -nan%
CORE_L1_DEMAND_USED_POS36                            0         -nan%                0         -nan%
CORE_L1_DEMAND_USED_POS37                            0         -nan%                0         -nan%
CORE_L1_DEMAND_USED_POS38                            0         -nan%                0         -nan%
CORE_L1_DEMAND_USED_POS39                            0         -nan%                0         -nan%
CORE_L1_DEMAND_USED_POS40                            0         -nan%                0         -nan%
CORE_L1_DEMAND_USED_POS41                            0         -nan%                0         -nan%
CORE_L1_DEMAND_USED_POS42                            0         -nan%                0         -nan%
CORE_L1_DEMAND_USED_POS43                            0         -nan%                0         -nan%
CORE_L1_DEMAND_USED_POS44                            0         -nan%                0         -nan%
CORE_L1_DEMAND_USED_POS45                            0         -nan%                0         -nan%
CORE_L1_DEMAND_USED_POS46                            0         -nan%                0         -nan%
CORE_L1_DEMAND_USED_POS47                            0         -nan%                0         -nan%
CORE_L1_DEMAND_USED_POS48                            0         -nan%                0         -nan%
CORE_L1_DEMAND_USED_POS49                            0         -nan%                0         -nan%
CORE_L1_DEMAND_USED_POS50                            0         -nan%                0         -nan%
CORE_L1_DEMAND_USED_POS51                            0         -nan%                0         -nan%
CORE_L1_DEMAND_USED_POS52                            0         -nan%                0         -nan%
CORE_L1_DEMAND_USED_POS53                            0         -nan%                0         -nan%
CORE_L1_DEMAND_USED_POS54                            0         -nan%                0         -nan%
CORE_L1_DEMAND_USED_POS55                            0         -nan%                0         -nan%
CORE_L1_DEMAND_USED_POS56                            0         -nan%                0         -nan%
CORE_L1_DEMAND_USED_POS57                            0         -nan%                0         -nan%
CORE_L1_DEMAND_USED_POS58                            0         -nan%                0         -nan%
CORE_L1_DEMAND_USED_POS59                            0         -nan%                0         -nan%
CORE_L1_DEMAND_USED_POS60                            0         -nan%                0         -nan%
CORE_L1_DEMAND_USED_POS61                            0         -nan%                0         -nan%
CORE_L1_DEMAND_USED_POS62                            0         -nan%                0         -nan%
CORE_L1_DEMAND_USED_POS63                            0         -nan%                0         -nan%
CORE_L1_DEMAND_USED_POS64                            0         -nan%                0         -nan%
CORE_L1_DEMAND_USED_POS65                            0         -nan%                0         -nan%
CORE_L1_DEMAND_USED_POS66                            0         -nan%                0         -nan%
CORE_L1_DEMAND_USED_POS67                            0         -nan%                0         -nan%
CORE_L1_DEMAND_USED_POS68                            0         -nan%                0         -nan%
CORE_L1_DEMAND_USED_POS69                            0         -nan%                0         -nan%
CORE_L1_DEMAND_USED_POS70                            0         -nan%                0         -nan%
CORE_L1_DEMAND_USED_POS71                            0         -nan%                0         -nan%
CORE_L1_DEMAND_USED_POS72                            0         -nan%                0         -nan%
CORE_L1_DEMAND_USED_POS73                            0         -nan%                0         -nan%
CORE_L1_DEMAND_USED_POS74                            0         -nan%                0         -nan%
CORE_L1_DEMAND_USED_POS75                            0         -nan%                0         -nan%
CORE_L1_DEMAND_USED_POS76                            0         -nan%                0         -nan%
CORE_L1_DEMAND_USED_POS77                            0         -nan%                0         -nan%
CORE_L1_DEMAND_USED_POS78                            0         -nan%                0         -nan%
CORE_L1_DEMAND_USED_POS79                            0         -nan%                0         -nan%
CORE_L1_DEMAND_USED_POS80                            0         -nan%                0         -nan%
CORE_L1_DEMAND_USED_POS81                            0         -nan%                0         -nan%
CORE_L1_DEMAND_USED_POS82                            0         -nan%                0         -nan%
CORE_L1_DEMAND_USED_POS83                            0         -nan%                0         -nan%
CORE_L1_DEMAND_USED_POS84                            0         -nan%                0         -nan%
CORE_L1_DEMAND_USED_POS85                            0         -nan%                0         -nan%
CORE_L1_DEMAND_USED_POS86                            0         -nan%                0         -nan%
CORE_L1_DEMAND_USED_POS87                            0         -nan%                0         -nan%
CORE_L1_DEMAND_USED_POS88                            0         -nan%                0         -nan%
CORE_L1_DEMAND_USED_POS89                            0         -nan%                0         -nan%
CORE_L1_DEMAND_USED_POS90                            0         -nan%                0         -nan%
CORE_L1_DEMAND_USED_POS91                            0         -nan%                0         -nan%
CORE_L1_DEMAND_USED_POS92                            0         -nan%                0         -nan%
CORE_L1_DEMAND_USED_POS93                            0         -nan%                0         -nan%
CORE_L1_DEMAND_USED_POS94                            0         -nan%                0         -nan%
CORE_L1_DEMAND_USED_POS95                            0         -nan%                0         -nan%
CORE_L1_DEMAND_USED_POS96                            0         -nan%                0         -nan%
CORE_L1_DEMAND_USED_POS97                            0         -nan%                0         -nan%
CORE_L1_DEMAND_USED_POS98                            0         -nan%                0         -nan%
CORE_L1_DEMAND_USED_POS99                            0         -nan%                0         -nan%
CORE_L1_DEMAND_USED_POS100                           0         -nan%                0         -nan%
CORE_L1_DEMAND_USED_POS101                           0         -nan%                0         -nan%
CORE_L1_DEMAND_USED_POS102                           0         -nan%                0         -nan%
CORE_L1_DEMAND_USED_POS103                           0         -nan%                0         -nan%
CORE_L1_DEMAND_USED_POS104                           0         -nan%                0         -nan%
CORE_L1_DEMAND_USED_POS105                           0         -nan%                0         -nan%
CORE_L1_DEMAND_USED_POS106                           0         -nan%                0         -nan%
CORE_L1_DEMAND_USED_POS107                           0         -nan%                0         -nan%
CORE_L1_DEMAND_USED_POS108                           0         -nan%                0         -nan%
CORE_L1_DEMAND_USED_POS109                           0         -nan%                0         -nan%
CORE_L1_DEMAND_USED_POS110                           0         -nan%                0         -nan%
CORE_L1_DEMAND_USED_POS111                           0         -nan%                0         -nan%
CORE_L1_DEMAND_USED_POS112                           0         -nan%                0         -nan%
CORE_L1_DEMAND_USED_POS113                           0         -nan%                0         -nan%
CORE_L1_DEMAND_USED_POS114                           0         -nan%                0         -nan%
CORE_L1_DEMAND_USED_POS115                           0         -nan%                0         -nan%
CORE_L1_DEMAND_USED_POS116                           0         -nan%                0         -nan%
CORE_L1_DEMAND_USED_POS117                           0         -nan%                0         -nan%
CORE_L1_DEMAND_USED_POS118                           0         -nan%                0         -nan%
CORE_L1_DEMAND_USED_POS119                           0         -nan%                0         -nan%
CORE_L1_DEMAND_USED_POS120                           0         -nan%                0         -nan%
CORE_L1_DEMAND_USED_POS121                           0         -nan%                0         -nan%
CORE_L1_DEMAND_USED_POS122                           0         -nan%                0         -nan%
CORE_L1_DEMAND_USED_POS123                           0         -nan%                0         -nan%
CORE_L1_DEMAND_USED_POS124                           0         -nan%                0         -nan%
CORE_L1_DEMAND_USED_POS125                           0         -nan%                0         -nan%
CORE_L1_DEMAND_USED_POS126                           0         -nan%                0         -nan%
CORE_L1_DEMAND_USED_POS127                           0         -nan%                0         -nan%
                                                     0         -nan%                0         -nan%
                                                  -nan         -nan              -nan         -nan

CORE_L1_PREF_USED_POS0                               0         -nan%                0         -nan%
CORE_L1_PREF_USED_POS1                               0         -nan%                0         -nan%
CORE_L1_PREF_USED_POS2                               0         -nan%                0         -nan%
CORE_L1_PREF_USED_POS3                               0         -nan%                0         -nan%
CORE_L1_PREF_USED_POS4                               0         -nan%                0         -nan%
CORE_L1_PREF_USED_POS5                               0         -nan%                0         -nan%
CORE_L1_PREF_USED_POS6                               0         -nan%                0         -nan%
CORE_L1_PREF_USED_POS7                               0         -nan%                0         -nan%
CORE_L1_PREF_USED_POS8                               0         -nan%                0         -nan%
CORE_L1_PREF_USED_POS9                               0         -nan%                0         -nan%
CORE_L1_PREF_USED_POS10                              0         -nan%                0         -nan%
CORE_L1_PREF_USED_POS11                              0         -nan%                0         -nan%
CORE_L1_PREF_USED_POS12                              0         -nan%                0         -nan%
CORE_L1_PREF_USED_POS13                              0         -nan%                0         -nan%
CORE_L1_PREF_USED_POS14                              0         -nan%                0         -nan%
CORE_L1_PREF_USED_POS15                              0         -nan%                0         -nan%
CORE_L1_PREF_USED_POS16                              0         -nan%                0         -nan%
CORE_L1_PREF_USED_POS17                              0         -nan%                0         -nan%
CORE_L1_PREF_USED_POS18                              0         -nan%                0         -nan%
CORE_L1_PREF_USED_POS19                              0         -nan%                0         -nan%
CORE_L1_PREF_USED_POS20                              0         -nan%                0         -nan%
CORE_L1_PREF_USED_POS21                              0         -nan%                0         -nan%
CORE_L1_PREF_USED_POS22                              0         -nan%                0         -nan%
CORE_L1_PREF_USED_POS23                              0         -nan%                0         -nan%
CORE_L1_PREF_USED_POS24                              0         -nan%                0         -nan%
CORE_L1_PREF_USED_POS25                              0         -nan%                0         -nan%
CORE_L1_PREF_USED_POS26                              0         -nan%                0         -nan%
CORE_L1_PREF_USED_POS27                              0         -nan%                0         -nan%
CORE_L1_PREF_USED_POS28                              0         -nan%                0         -nan%
CORE_L1_PREF_USED_POS29                              0         -nan%                0         -nan%
CORE_L1_PREF_USED_POS30                              0         -nan%                0         -nan%
CORE_L1_PREF_USED_POS31                              0         -nan%                0         -nan%
CORE_L1_PREF_USED_POS32                              0         -nan%                0         -nan%
CORE_L1_PREF_USED_POS33                              0         -nan%                0         -nan%
CORE_L1_PREF_USED_POS34                              0         -nan%                0         -nan%
CORE_L1_PREF_USED_POS35                              0         -nan%                0         -nan%
CORE_L1_PREF_USED_POS36                              0         -nan%                0         -nan%
CORE_L1_PREF_USED_POS37                              0         -nan%                0         -nan%
CORE_L1_PREF_USED_POS38                              0         -nan%                0         -nan%
CORE_L1_PREF_USED_POS39                              0         -nan%                0         -nan%
CORE_L1_PREF_USED_POS40                              0         -nan%                0         -nan%
CORE_L1_PREF_USED_POS41                              0         -nan%                0         -nan%
CORE_L1_PREF_USED_POS42                              0         -nan%                0         -nan%
CORE_L1_PREF_USED_POS43                              0         -nan%                0         -nan%
CORE_L1_PREF_USED_POS44                              0         -nan%                0         -nan%
CORE_L1_PREF_USED_POS45                              0         -nan%                0         -nan%
CORE_L1_PREF_USED_POS46                              0         -nan%                0         -nan%
CORE_L1_PREF_USED_POS47                              0         -nan%                0         -nan%
CORE_L1_PREF_USED_POS48                              0         -nan%                0         -nan%
CORE_L1_PREF_USED_POS49                              0         -nan%                0         -nan%
CORE_L1_PREF_USED_POS50                              0         -nan%                0         -nan%
CORE_L1_PREF_USED_POS51                              0         -nan%                0         -nan%
CORE_L1_PREF_USED_POS52                              0         -nan%                0         -nan%
CORE_L1_PREF_USED_POS53                              0         -nan%                0         -nan%
CORE_L1_PREF_USED_POS54                              0         -nan%                0         -nan%
CORE_L1_PREF_USED_POS55                              0         -nan%                0         -nan%
CORE_L1_PREF_USED_POS56                              0         -nan%                0         -nan%
CORE_L1_PREF_USED_POS57                              0         -nan%                0         -nan%
CORE_L1_PREF_USED_POS58                              0         -nan%                0         -nan%
CORE_L1_PREF_USED_POS59                              0         -nan%                0         -nan%
CORE_L1_PREF_USED_POS60                              0         -nan%                0         -nan%
CORE_L1_PREF_USED_POS61                              0         -nan%                0         -nan%
CORE_L1_PREF_USED_POS62                              0         -nan%                0         -nan%
CORE_L1_PREF_USED_POS63                              0         -nan%                0         -nan%
CORE_L1_PREF_USED_POS64                              0         -nan%                0         -nan%
CORE_L1_PREF_USED_POS65                              0         -nan%                0         -nan%
CORE_L1_PREF_USED_POS66                              0         -nan%                0         -nan%
CORE_L1_PREF_USED_POS67                              0         -nan%                0         -nan%
CORE_L1_PREF_USED_POS68                              0         -nan%                0         -nan%
CORE_L1_PREF_USED_POS69                              0         -nan%                0         -nan%
CORE_L1_PREF_USED_POS70                              0         -nan%                0         -nan%
CORE_L1_PREF_USED_POS71                              0         -nan%                0         -nan%
CORE_L1_PREF_USED_POS72                              0         -nan%                0         -nan%
CORE_L1_PREF_USED_POS73                              0         -nan%                0         -nan%
CORE_L1_PREF_USED_POS74                              0         -nan%                0         -nan%
CORE_L1_PREF_USED_POS75                              0         -nan%                0         -nan%
CORE_L1_PREF_USED_POS76                              0         -nan%                0         -nan%
CORE_L1_PREF_USED_POS77                              0         -nan%                0         -nan%
CORE_L1_PREF_USED_POS78                              0         -nan%                0         -nan%
CORE_L1_PREF_USED_POS79                              0         -nan%                0         -nan%
CORE_L1_PREF_USED_POS80                              0         -nan%                0         -nan%
CORE_L1_PREF_USED_POS81                              0         -nan%                0         -nan%
CORE_L1_PREF_USED_POS82                              0         -nan%                0         -nan%
CORE_L1_PREF_USED_POS83                              0         -nan%                0         -nan%
CORE_L1_PREF_USED_POS84                              0         -nan%                0         -nan%
CORE_L1_PREF_USED_POS85                              0         -nan%                0         -nan%
CORE_L1_PREF_USED_POS86                              0         -nan%                0         -nan%
CORE_L1_PREF_USED_POS87                              0         -nan%                0         -nan%
CORE_L1_PREF_USED_POS88                              0         -nan%                0         -nan%
CORE_L1_PREF_USED_POS89                              0         -nan%                0         -nan%
CORE_L1_PREF_USED_POS90                              0         -nan%                0         -nan%
CORE_L1_PREF_USED_POS91                              0         -nan%                0         -nan%
CORE_L1_PREF_USED_POS92                              0         -nan%                0         -nan%
CORE_L1_PREF_USED_POS93                              0         -nan%                0         -nan%
CORE_L1_PREF_USED_POS94                              0         -nan%                0         -nan%
CORE_L1_PREF_USED_POS95                              0         -nan%                0         -nan%
CORE_L1_PREF_USED_POS96                              0         -nan%                0         -nan%
CORE_L1_PREF_USED_POS97                              0         -nan%                0         -nan%
CORE_L1_PREF_USED_POS98                              0         -nan%                0         -nan%
CORE_L1_PREF_USED_POS99                              0         -nan%                0         -nan%
CORE_L1_PREF_USED_POS100                             0         -nan%                0         -nan%
CORE_L1_PREF_USED_POS101                             0         -nan%                0         -nan%
CORE_L1_PREF_USED_POS102                             0         -nan%                0         -nan%
CORE_L1_PREF_USED_POS103                             0         -nan%                0         -nan%
CORE_L1_PREF_USED_POS104                             0         -nan%                0         -nan%
CORE_L1_PREF_USED_POS105                             0         -nan%                0         -nan%
CORE_L1_PREF_USED_POS106                             0         -nan%                0         -nan%
CORE_L1_PREF_USED_POS107                             0         -nan%                0         -nan%
CORE_L1_PREF_USED_POS108                             0         -nan%                0         -nan%
CORE_L1_PREF_USED_POS109                             0         -nan%                0         -nan%
CORE_L1_PREF_USED_POS110                             0         -nan%                0         -nan%
CORE_L1_PREF_USED_POS111                             0         -nan%                0         -nan%
CORE_L1_PREF_USED_POS112                             0         -nan%                0         -nan%
CORE_L1_PREF_USED_POS113                             0         -nan%                0         -nan%
CORE_L1_PREF_USED_POS114                             0         -nan%                0         -nan%
CORE_L1_PREF_USED_POS115                             0         -nan%                0         -nan%
CORE_L1_PREF_USED_POS116                             0         -nan%                0         -nan%
CORE_L1_PREF_USED_POS117                             0         -nan%                0         -nan%
CORE_L1_PREF_USED_POS118                             0         -nan%                0         -nan%
CORE_L1_PREF_USED_POS119                             0         -nan%                0         -nan%
CORE_L1_PREF_USED_POS120                             0         -nan%                0         -nan%
CORE_L1_PREF_USED_POS121                             0         -nan%                0         -nan%
CORE_L1_PREF_USED_POS122                             0         -nan%                0         -nan%
CORE_L1_PREF_USED_POS123                             0         -nan%                0         -nan%
CORE_L1_PREF_USED_POS124                             0         -nan%                0         -nan%
CORE_L1_PREF_USED_POS125                             0         -nan%                0         -nan%
CORE_L1_PREF_USED_POS126                             0         -nan%                0         -nan%
CORE_L1_PREF_USED_POS127                             0         -nan%                0         -nan%
                                                     0         -nan%                0         -nan%
                                                  -nan         -nan              -nan         -nan

CORE_TOTAL_SETS_ALL_INTERVALS                        0                              0              

CORE_L1_AVG_NUM_WAYS                                 0          -nan                0          -nan

L1_PARTITION_INTERVALS                               0                              0              

NORESET_L1_PARTITION                                 0                              0              

L1_SHADOW_ACCESS                                     0                              0              

L1_SHADOW_ACCESS_STALLING                            0                              0              

L1_SHADOW_ACCESS_DEMAND                              0                              0              

L1_SHADOW_HIT                                        0                              0              

L1_SHADOW_HIT_STALLING                               0                              0              

L1_SHADOW_HIT_DEMAND                                 0                              0              

L1_SHADOW_UNTIMELY_HIT                               0                              0              

L1_SHADOW_UNTIMELY_HIT_STALLING                      0                              0              

L1_SHADOW_UNTIMELY_HIT_DEMAND                        0                              0              

L1_SHADOW_HIT_POS0                                   0         -nan%                0         -nan%
L1_SHADOW_HIT_POS1                                   0         -nan%                0         -nan%
L1_SHADOW_HIT_POS2                                   0         -nan%                0         -nan%
L1_SHADOW_HIT_POS3                                   0         -nan%                0         -nan%
L1_SHADOW_HIT_POS4                                   0         -nan%                0         -nan%
L1_SHADOW_HIT_POS5                                   0         -nan%                0         -nan%
L1_SHADOW_HIT_POS6                                   0         -nan%                0         -nan%
L1_SHADOW_HIT_POS7                                   0         -nan%                0         -nan%
L1_SHADOW_HIT_POS8                                   0         -nan%                0         -nan%
L1_SHADOW_HIT_POS9                                   0         -nan%                0         -nan%
L1_SHADOW_HIT_POS10                                  0         -nan%                0         -nan%
L1_SHADOW_HIT_POS11                                  0         -nan%                0         -nan%
L1_SHADOW_HIT_POS12                                  0         -nan%                0         -nan%
L1_SHADOW_HIT_POS13                                  0         -nan%                0         -nan%
L1_SHADOW_HIT_POS14                                  0         -nan%                0         -nan%
L1_SHADOW_HIT_POS15                                  0         -nan%                0         -nan%
L1_SHADOW_HIT_POS16                                  0         -nan%                0         -nan%
L1_SHADOW_HIT_POS17                                  0         -nan%                0         -nan%
L1_SHADOW_HIT_POS18                                  0         -nan%                0         -nan%
L1_SHADOW_HIT_POS19                                  0         -nan%                0         -nan%
L1_SHADOW_HIT_POS20                                  0         -nan%                0         -nan%
L1_SHADOW_HIT_POS21                                  0         -nan%                0         -nan%
L1_SHADOW_HIT_POS22                                  0         -nan%                0         -nan%
L1_SHADOW_HIT_POS23                                  0         -nan%                0         -nan%
L1_SHADOW_HIT_POS24                                  0         -nan%                0         -nan%
L1_SHADOW_HIT_POS25                                  0         -nan%                0         -nan%
L1_SHADOW_HIT_POS26                                  0         -nan%                0         -nan%
L1_SHADOW_HIT_POS27                                  0         -nan%                0         -nan%
L1_SHADOW_HIT_POS28                                  0         -nan%                0         -nan%
L1_SHADOW_HIT_POS29                                  0         -nan%                0         -nan%
L1_SHADOW_HIT_POS30                                  0         -nan%                0         -nan%
L1_SHADOW_HIT_POS31                                  0         -nan%                0         -nan%
L1_SHADOW_HIT_POS32                                  0         -nan%                0         -nan%
L1_SHADOW_HIT_POS33                                  0         -nan%                0         -nan%
L1_SHADOW_HIT_POS34                                  0         -nan%                0         -nan%
L1_SHADOW_HIT_POS35                                  0         -nan%                0         -nan%
L1_SHADOW_HIT_POS36                                  0         -nan%                0         -nan%
L1_SHADOW_HIT_POS37                                  0         -nan%                0         -nan%
L1_SHADOW_HIT_POS38                                  0         -nan%                0         -nan%
L1_SHADOW_HIT_POS39                                  0         -nan%                0         -nan%
L1_SHADOW_HIT_POS40                                  0         -nan%                0         -nan%
L1_SHADOW_HIT_POS41                                  0         -nan%                0         -nan%
L1_SHADOW_HIT_POS42                                  0         -nan%                0         -nan%
L1_SHADOW_HIT_POS43                                  0         -nan%                0         -nan%
L1_SHADOW_HIT_POS44                                  0         -nan%                0         -nan%
L1_SHADOW_HIT_POS45                                  0         -nan%                0         -nan%
L1_SHADOW_HIT_POS46                                  0         -nan%                0         -nan%
L1_SHADOW_HIT_POS47                                  0         -nan%                0         -nan%
L1_SHADOW_HIT_POS48                                  0         -nan%                0         -nan%
L1_SHADOW_HIT_POS49                                  0         -nan%                0         -nan%
L1_SHADOW_HIT_POS50                                  0         -nan%                0         -nan%
L1_SHADOW_HIT_POS51                                  0         -nan%                0         -nan%
L1_SHADOW_HIT_POS52                                  0         -nan%                0         -nan%
L1_SHADOW_HIT_POS53                                  0         -nan%                0         -nan%
L1_SHADOW_HIT_POS54                                  0         -nan%                0         -nan%
L1_SHADOW_HIT_POS55                                  0         -nan%                0         -nan%
L1_SHADOW_HIT_POS56                                  0         -nan%                0         -nan%
L1_SHADOW_HIT_POS57                                  0         -nan%                0         -nan%
L1_SHADOW_HIT_POS58                                  0         -nan%                0         -nan%
L1_SHADOW_HIT_POS59                                  0         -nan%                0         -nan%
L1_SHADOW_HIT_POS60                                  0         -nan%                0         -nan%
L1_SHADOW_HIT_POS61                                  0         -nan%                0         -nan%
L1_SHADOW_HIT_POS62                                  0         -nan%                0         -nan%
L1_SHADOW_HIT_POS63                                  0         -nan%                0         -nan%
L1_SHADOW_HIT_POS64                                  0         -nan%                0         -nan%
L1_SHADOW_HIT_POS65                                  0         -nan%                0         -nan%
L1_SHADOW_HIT_POS66                                  0         -nan%                0         -nan%
L1_SHADOW_HIT_POS67                                  0         -nan%                0         -nan%
L1_SHADOW_HIT_POS68                                  0         -nan%                0         -nan%
L1_SHADOW_HIT_POS69                                  0         -nan%                0         -nan%
L1_SHADOW_HIT_POS70                                  0         -nan%                0         -nan%
L1_SHADOW_HIT_POS71                                  0         -nan%                0         -nan%
L1_SHADOW_HIT_POS72                                  0         -nan%                0         -nan%
L1_SHADOW_HIT_POS73                                  0         -nan%                0         -nan%
L1_SHADOW_HIT_POS74                                  0         -nan%                0         -nan%
L1_SHADOW_HIT_POS75                                  0         -nan%                0         -nan%
L1_SHADOW_HIT_POS76                                  0         -nan%                0         -nan%
L1_SHADOW_HIT_POS77                                  0         -nan%                0         -nan%
L1_SHADOW_HIT_POS78                                  0         -nan%                0         -nan%
L1_SHADOW_HIT_POS79                                  0         -nan%                0         -nan%
L1_SHADOW_HIT_POS80                                  0         -nan%                0         -nan%
L1_SHADOW_HIT_POS81                                  0         -nan%                0         -nan%
L1_SHADOW_HIT_POS82                                  0         -nan%                0         -nan%
L1_SHADOW_HIT_POS83                                  0         -nan%                0         -nan%
L1_SHADOW_HIT_POS84                                  0         -nan%                0         -nan%
L1_SHADOW_HIT_POS85                                  0         -nan%                0         -nan%
L1_SHADOW_HIT_POS86                                  0         -nan%                0         -nan%
L1_SHADOW_HIT_POS87                                  0         -nan%                0         -nan%
L1_SHADOW_HIT_POS88                                  0         -nan%                0         -nan%
L1_SHADOW_HIT_POS89                                  0         -nan%                0         -nan%
L1_SHADOW_HIT_POS90                                  0         -nan%                0         -nan%
L1_SHADOW_HIT_POS91                                  0         -nan%                0         -nan%
L1_SHADOW_HIT_POS92                                  0         -nan%                0         -nan%
L1_SHADOW_HIT_POS93                                  0         -nan%                0         -nan%
L1_SHADOW_HIT_POS94                                  0         -nan%                0         -nan%
L1_SHADOW_HIT_POS95                                  0         -nan%                0         -nan%
L1_SHADOW_HIT_POS96                                  0         -nan%                0         -nan%
L1_SHADOW_HIT_POS97                                  0         -nan%                0         -nan%
L1_SHADOW_HIT_POS98                                  0         -nan%                0         -nan%
L1_SHADOW_HIT_POS99                                  0         -nan%                0         -nan%
L1_SHADOW_HIT_POS100                                 0         -nan%                0         -nan%
L1_SHADOW_HIT_POS101                                 0         -nan%                0         -nan%
L1_SHADOW_HIT_POS102                                 0         -nan%                0         -nan%
L1_SHADOW_HIT_POS103                                 0         -nan%                0         -nan%
L1_SHADOW_HIT_POS104                                 0         -nan%                0         -nan%
L1_SHADOW_HIT_POS105                                 0         -nan%                0         -nan%
L1_SHADOW_HIT_POS106                                 0         -nan%                0         -nan%
L1_SHADOW_HIT_POS107                                 0         -nan%                0         -nan%
L1_SHADOW_HIT_POS108                                 0         -nan%                0         -nan%
L1_SHADOW_HIT_POS109                                 0         -nan%                0         -nan%
L1_SHADOW_HIT_POS110                                 0         -nan%                0         -nan%
L1_SHADOW_HIT_POS111                                 0         -nan%                0         -nan%
L1_SHADOW_HIT_POS112                                 0         -nan%                0         -nan%
L1_SHADOW_HIT_POS113                                 0         -nan%                0         -nan%
L1_SHADOW_HIT_POS114                                 0         -nan%                0         -nan%
L1_SHADOW_HIT_POS115                                 0         -nan%                0         -nan%
L1_SHADOW_HIT_POS116                                 0         -nan%                0         -nan%
L1_SHADOW_HIT_POS117                                 0         -nan%                0         -nan%
L1_SHADOW_HIT_POS118                                 0         -nan%                0         -nan%
L1_SHADOW_HIT_POS119                                 0         -nan%                0         -nan%
L1_SHADOW_HIT_POS120                                 0         -nan%                0         -nan%
L1_SHADOW_HIT_POS121                                 0         -nan%                0         -nan%
L1_SHADOW_HIT_POS122                                 0         -nan%                0         -nan%
L1_SHADOW_HIT_POS123                                 0         -nan%                0         -nan%
L1_SHADOW_HIT_POS124                                 0         -nan%                0         -nan%
L1_SHADOW_HIT_POS125                                 0         -nan%                0         -nan%
L1_SHADOW_HIT_POS126                                 0         -nan%                0         -nan%
L1_SHADOW_HIT_POS127                                 0         -nan%                0         -nan%
                                                     0         -nan%                0         -nan%
                                                  -nan         -nan              -nan         -nan

L1_SHADOW_STALLING_HIT_POS0                          0         -nan%                0         -nan%
L1_SHADOW_STALLING_HIT_POS1                          0         -nan%                0         -nan%
L1_SHADOW_STALLING_HIT_POS2                          0         -nan%                0         -nan%
L1_SHADOW_STALLING_HIT_POS3                          0         -nan%                0         -nan%
L1_SHADOW_STALLING_HIT_POS4                          0         -nan%                0         -nan%
L1_SHADOW_STALLING_HIT_POS5                          0         -nan%                0         -nan%
L1_SHADOW_STALLING_HIT_POS6                          0         -nan%                0         -nan%
L1_SHADOW_STALLING_HIT_POS7                          0         -nan%                0         -nan%
L1_SHADOW_STALLING_HIT_POS8                          0         -nan%                0         -nan%
L1_SHADOW_STALLING_HIT_POS9                          0         -nan%                0         -nan%
L1_SHADOW_STALLING_HIT_POS10                         0         -nan%                0         -nan%
L1_SHADOW_STALLING_HIT_POS11                         0         -nan%                0         -nan%
L1_SHADOW_STALLING_HIT_POS12                         0         -nan%                0         -nan%
L1_SHADOW_STALLING_HIT_POS13                         0         -nan%                0         -nan%
L1_SHADOW_STALLING_HIT_POS14                         0         -nan%                0         -nan%
L1_SHADOW_STALLING_HIT_POS15                         0         -nan%                0         -nan%
L1_SHADOW_STALLING_HIT_POS16                         0         -nan%                0         -nan%
L1_SHADOW_STALLING_HIT_POS17                         0         -nan%                0         -nan%
L1_SHADOW_STALLING_HIT_POS18                         0         -nan%                0         -nan%
L1_SHADOW_STALLING_HIT_POS19                         0         -nan%                0         -nan%
L1_SHADOW_STALLING_HIT_POS20                         0         -nan%                0         -nan%
L1_SHADOW_STALLING_HIT_POS21                         0         -nan%                0         -nan%
L1_SHADOW_STALLING_HIT_POS22                         0         -nan%                0         -nan%
L1_SHADOW_STALLING_HIT_POS23                         0         -nan%                0         -nan%
L1_SHADOW_STALLING_HIT_POS24                         0         -nan%                0         -nan%
L1_SHADOW_STALLING_HIT_POS25                         0         -nan%                0         -nan%
L1_SHADOW_STALLING_HIT_POS26                         0         -nan%                0         -nan%
L1_SHADOW_STALLING_HIT_POS27                         0         -nan%                0         -nan%
L1_SHADOW_STALLING_HIT_POS28                         0         -nan%                0         -nan%
L1_SHADOW_STALLING_HIT_POS29                         0         -nan%                0         -nan%
L1_SHADOW_STALLING_HIT_POS30                         0         -nan%                0         -nan%
L1_SHADOW_STALLING_HIT_POS31                         0         -nan%                0         -nan%
L1_SHADOW_STALLING_HIT_POS32                         0         -nan%                0         -nan%
L1_SHADOW_STALLING_HIT_POS33                         0         -nan%                0         -nan%
L1_SHADOW_STALLING_HIT_POS34                         0         -nan%                0         -nan%
L1_SHADOW_STALLING_HIT_POS35                         0         -nan%                0         -nan%
L1_SHADOW_STALLING_HIT_POS36                         0         -nan%                0         -nan%
L1_SHADOW_STALLING_HIT_POS37                         0         -nan%                0         -nan%
L1_SHADOW_STALLING_HIT_POS38                         0         -nan%                0         -nan%
L1_SHADOW_STALLING_HIT_POS39                         0         -nan%                0         -nan%
L1_SHADOW_STALLING_HIT_POS40                         0         -nan%                0         -nan%
L1_SHADOW_STALLING_HIT_POS41                         0         -nan%                0         -nan%
L1_SHADOW_STALLING_HIT_POS42                         0         -nan%                0         -nan%
L1_SHADOW_STALLING_HIT_POS43                         0         -nan%                0         -nan%
L1_SHADOW_STALLING_HIT_POS44                         0         -nan%                0         -nan%
L1_SHADOW_STALLING_HIT_POS45                         0         -nan%                0         -nan%
L1_SHADOW_STALLING_HIT_POS46                         0         -nan%                0         -nan%
L1_SHADOW_STALLING_HIT_POS47                         0         -nan%                0         -nan%
L1_SHADOW_STALLING_HIT_POS48                         0         -nan%                0         -nan%
L1_SHADOW_STALLING_HIT_POS49                         0         -nan%                0         -nan%
L1_SHADOW_STALLING_HIT_POS50                         0         -nan%                0         -nan%
L1_SHADOW_STALLING_HIT_POS51                         0         -nan%                0         -nan%
L1_SHADOW_STALLING_HIT_POS52                         0         -nan%                0         -nan%
L1_SHADOW_STALLING_HIT_POS53                         0         -nan%                0         -nan%
L1_SHADOW_STALLING_HIT_POS54                         0         -nan%                0         -nan%
L1_SHADOW_STALLING_HIT_POS55                         0         -nan%                0         -nan%
L1_SHADOW_STALLING_HIT_POS56                         0         -nan%                0         -nan%
L1_SHADOW_STALLING_HIT_POS57                         0         -nan%                0         -nan%
L1_SHADOW_STALLING_HIT_POS58                         0         -nan%                0         -nan%
L1_SHADOW_STALLING_HIT_POS59                         0         -nan%                0         -nan%
L1_SHADOW_STALLING_HIT_POS60                         0         -nan%                0         -nan%
L1_SHADOW_STALLING_HIT_POS61                         0         -nan%                0         -nan%
L1_SHADOW_STALLING_HIT_POS62                         0         -nan%                0         -nan%
L1_SHADOW_STALLING_HIT_POS63                         0         -nan%                0         -nan%
L1_SHADOW_STALLING_HIT_POS64                         0         -nan%                0         -nan%
L1_SHADOW_STALLING_HIT_POS65                         0         -nan%                0         -nan%
L1_SHADOW_STALLING_HIT_POS66                         0         -nan%                0         -nan%
L1_SHADOW_STALLING_HIT_POS67                         0         -nan%                0         -nan%
L1_SHADOW_STALLING_HIT_POS68                         0         -nan%                0         -nan%
L1_SHADOW_STALLING_HIT_POS69                         0         -nan%                0         -nan%
L1_SHADOW_STALLING_HIT_POS70                         0         -nan%                0         -nan%
L1_SHADOW_STALLING_HIT_POS71                         0         -nan%                0         -nan%
L1_SHADOW_STALLING_HIT_POS72                         0         -nan%                0         -nan%
L1_SHADOW_STALLING_HIT_POS73                         0         -nan%                0         -nan%
L1_SHADOW_STALLING_HIT_POS74                         0         -nan%                0         -nan%
L1_SHADOW_STALLING_HIT_POS75                         0         -nan%                0         -nan%
L1_SHADOW_STALLING_HIT_POS76                         0         -nan%                0         -nan%
L1_SHADOW_STALLING_HIT_POS77                         0         -nan%                0         -nan%
L1_SHADOW_STALLING_HIT_POS78                         0         -nan%                0         -nan%
L1_SHADOW_STALLING_HIT_POS79                         0         -nan%                0         -nan%
L1_SHADOW_STALLING_HIT_POS80                         0         -nan%                0         -nan%
L1_SHADOW_STALLING_HIT_POS81                         0         -nan%                0         -nan%
L1_SHADOW_STALLING_HIT_POS82                         0         -nan%                0         -nan%
L1_SHADOW_STALLING_HIT_POS83                         0         -nan%                0         -nan%
L1_SHADOW_STALLING_HIT_POS84                         0         -nan%                0         -nan%
L1_SHADOW_STALLING_HIT_POS85                         0         -nan%                0         -nan%
L1_SHADOW_STALLING_HIT_POS86                         0         -nan%                0         -nan%
L1_SHADOW_STALLING_HIT_POS87                         0         -nan%                0         -nan%
L1_SHADOW_STALLING_HIT_POS88                         0         -nan%                0         -nan%
L1_SHADOW_STALLING_HIT_POS89                         0         -nan%                0         -nan%
L1_SHADOW_STALLING_HIT_POS90                         0         -nan%                0         -nan%
L1_SHADOW_STALLING_HIT_POS91                         0         -nan%                0         -nan%
L1_SHADOW_STALLING_HIT_POS92                         0         -nan%                0         -nan%
L1_SHADOW_STALLING_HIT_POS93                         0         -nan%                0         -nan%
L1_SHADOW_STALLING_HIT_POS94                         0         -nan%                0         -nan%
L1_SHADOW_STALLING_HIT_POS95                         0         -nan%                0         -nan%
L1_SHADOW_STALLING_HIT_POS96                         0         -nan%                0         -nan%
L1_SHADOW_STALLING_HIT_POS97                         0         -nan%                0         -nan%
L1_SHADOW_STALLING_HIT_POS98                         0         -nan%                0         -nan%
L1_SHADOW_STALLING_HIT_POS99                         0         -nan%                0         -nan%
L1_SHADOW_STALLING_HIT_POS100                        0         -nan%                0         -nan%
L1_SHADOW_STALLING_HIT_POS101                        0         -nan%                0         -nan%
L1_SHADOW_STALLING_HIT_POS102                        0         -nan%                0         -nan%
L1_SHADOW_STALLING_HIT_POS103                        0         -nan%                0         -nan%
L1_SHADOW_STALLING_HIT_POS104                        0         -nan%                0         -nan%
L1_SHADOW_STALLING_HIT_POS105                        0         -nan%                0         -nan%
L1_SHADOW_STALLING_HIT_POS106                        0         -nan%                0         -nan%
L1_SHADOW_STALLING_HIT_POS107                        0         -nan%                0         -nan%
L1_SHADOW_STALLING_HIT_POS108                        0         -nan%                0         -nan%
L1_SHADOW_STALLING_HIT_POS109                        0         -nan%                0         -nan%
L1_SHADOW_STALLING_HIT_POS110                        0         -nan%                0         -nan%
L1_SHADOW_STALLING_HIT_POS111                        0         -nan%                0         -nan%
L1_SHADOW_STALLING_HIT_POS112                        0         -nan%                0         -nan%
L1_SHADOW_STALLING_HIT_POS113                        0         -nan%                0         -nan%
L1_SHADOW_STALLING_HIT_POS114                        0         -nan%                0         -nan%
L1_SHADOW_STALLING_HIT_POS115                        0         -nan%                0         -nan%
L1_SHADOW_STALLING_HIT_POS116                        0         -nan%                0         -nan%
L1_SHADOW_STALLING_HIT_POS117                        0         -nan%                0         -nan%
L1_SHADOW_STALLING_HIT_POS118                        0         -nan%                0         -nan%
L1_SHADOW_STALLING_HIT_POS119                        0         -nan%                0         -nan%
L1_SHADOW_STALLING_HIT_POS120                        0         -nan%                0         -nan%
L1_SHADOW_STALLING_HIT_POS121                        0         -nan%                0         -nan%
L1_SHADOW_STALLING_HIT_POS122                        0         -nan%                0         -nan%
L1_SHADOW_STALLING_HIT_POS123                        0         -nan%                0         -nan%
L1_SHADOW_STALLING_HIT_POS124                        0         -nan%                0         -nan%
L1_SHADOW_STALLING_HIT_POS125                        0         -nan%                0         -nan%
L1_SHADOW_STALLING_HIT_POS126                        0         -nan%                0         -nan%
L1_SHADOW_STALLING_HIT_POS127                        0         -nan%                0         -nan%
                                                     0         -nan%                0         -nan%
                                                  -nan         -nan              -nan         -nan

L1_SHADOW_DEMAND_HIT_POS0                            0         -nan%                0         -nan%
L1_SHADOW_DEMAND_HIT_POS1                            0         -nan%                0         -nan%
L1_SHADOW_DEMAND_HIT_POS2                            0         -nan%                0         -nan%
L1_SHADOW_DEMAND_HIT_POS3                            0         -nan%                0         -nan%
L1_SHADOW_DEMAND_HIT_POS4                            0         -nan%                0         -nan%
L1_SHADOW_DEMAND_HIT_POS5                            0         -nan%                0         -nan%
L1_SHADOW_DEMAND_HIT_POS6                            0         -nan%                0         -nan%
L1_SHADOW_DEMAND_HIT_POS7                            0         -nan%                0         -nan%
L1_SHADOW_DEMAND_HIT_POS8                            0         -nan%                0         -nan%
L1_SHADOW_DEMAND_HIT_POS9                            0         -nan%                0         -nan%
L1_SHADOW_DEMAND_HIT_POS10                           0         -nan%                0         -nan%
L1_SHADOW_DEMAND_HIT_POS11                           0         -nan%                0         -nan%
L1_SHADOW_DEMAND_HIT_POS12                           0         -nan%                0         -nan%
L1_SHADOW_DEMAND_HIT_POS13                           0         -nan%                0         -nan%
L1_SHADOW_DEMAND_HIT_POS14                           0         -nan%                0         -nan%
L1_SHADOW_DEMAND_HIT_POS15                           0         -nan%                0         -nan%
L1_SHADOW_DEMAND_HIT_POS16                           0         -nan%                0         -nan%
L1_SHADOW_DEMAND_HIT_POS17                           0         -nan%                0         -nan%
L1_SHADOW_DEMAND_HIT_POS18                           0         -nan%                0         -nan%
L1_SHADOW_DEMAND_HIT_POS19                           0         -nan%                0         -nan%
L1_SHADOW_DEMAND_HIT_POS20                           0         -nan%                0         -nan%
L1_SHADOW_DEMAND_HIT_POS21                           0         -nan%                0         -nan%
L1_SHADOW_DEMAND_HIT_POS22                           0         -nan%                0         -nan%
L1_SHADOW_DEMAND_HIT_POS23                           0         -nan%                0         -nan%
L1_SHADOW_DEMAND_HIT_POS24                           0         -nan%                0         -nan%
L1_SHADOW_DEMAND_HIT_POS25                           0         -nan%                0         -nan%
L1_SHADOW_DEMAND_HIT_POS26                           0         -nan%                0         -nan%
L1_SHADOW_DEMAND_HIT_POS27                           0         -nan%                0         -nan%
L1_SHADOW_DEMAND_HIT_POS28                           0         -nan%                0         -nan%
L1_SHADOW_DEMAND_HIT_POS29                           0         -nan%                0         -nan%
L1_SHADOW_DEMAND_HIT_POS30                           0         -nan%                0         -nan%
L1_SHADOW_DEMAND_HIT_POS31                           0         -nan%                0         -nan%
L1_SHADOW_DEMAND_HIT_POS32                           0         -nan%                0         -nan%
L1_SHADOW_DEMAND_HIT_POS33                           0         -nan%                0         -nan%
L1_SHADOW_DEMAND_HIT_POS34                           0         -nan%                0         -nan%
L1_SHADOW_DEMAND_HIT_POS35                           0         -nan%                0         -nan%
L1_SHADOW_DEMAND_HIT_POS36                           0         -nan%                0         -nan%
L1_SHADOW_DEMAND_HIT_POS37                           0         -nan%                0         -nan%
L1_SHADOW_DEMAND_HIT_POS38                           0         -nan%                0         -nan%
L1_SHADOW_DEMAND_HIT_POS39                           0         -nan%                0         -nan%
L1_SHADOW_DEMAND_HIT_POS40                           0         -nan%                0         -nan%
L1_SHADOW_DEMAND_HIT_POS41                           0         -nan%                0         -nan%
L1_SHADOW_DEMAND_HIT_POS42                           0         -nan%                0         -nan%
L1_SHADOW_DEMAND_HIT_POS43                           0         -nan%                0         -nan%
L1_SHADOW_DEMAND_HIT_POS44                           0         -nan%                0         -nan%
L1_SHADOW_DEMAND_HIT_POS45                           0         -nan%                0         -nan%
L1_SHADOW_DEMAND_HIT_POS46                           0         -nan%                0         -nan%
L1_SHADOW_DEMAND_HIT_POS47                           0         -nan%                0         -nan%
L1_SHADOW_DEMAND_HIT_POS48                           0         -nan%                0         -nan%
L1_SHADOW_DEMAND_HIT_POS49                           0         -nan%                0         -nan%
L1_SHADOW_DEMAND_HIT_POS50                           0         -nan%                0         -nan%
L1_SHADOW_DEMAND_HIT_POS51                           0         -nan%                0         -nan%
L1_SHADOW_DEMAND_HIT_POS52                           0         -nan%                0         -nan%
L1_SHADOW_DEMAND_HIT_POS53                           0         -nan%                0         -nan%
L1_SHADOW_DEMAND_HIT_POS54                           0         -nan%                0         -nan%
L1_SHADOW_DEMAND_HIT_POS55                           0         -nan%                0         -nan%
L1_SHADOW_DEMAND_HIT_POS56                           0         -nan%                0         -nan%
L1_SHADOW_DEMAND_HIT_POS57                           0         -nan%                0         -nan%
L1_SHADOW_DEMAND_HIT_POS58                           0         -nan%                0         -nan%
L1_SHADOW_DEMAND_HIT_POS59                           0         -nan%                0         -nan%
L1_SHADOW_DEMAND_HIT_POS60                           0         -nan%                0         -nan%
L1_SHADOW_DEMAND_HIT_POS61                           0         -nan%                0         -nan%
L1_SHADOW_DEMAND_HIT_POS62                           0         -nan%                0         -nan%
L1_SHADOW_DEMAND_HIT_POS63                           0         -nan%                0         -nan%
L1_SHADOW_DEMAND_HIT_POS64                           0         -nan%                0         -nan%
L1_SHADOW_DEMAND_HIT_POS65                           0         -nan%                0         -nan%
L1_SHADOW_DEMAND_HIT_POS66                           0         -nan%                0         -nan%
L1_SHADOW_DEMAND_HIT_POS67                           0         -nan%                0         -nan%
L1_SHADOW_DEMAND_HIT_POS68                           0         -nan%                0         -nan%
L1_SHADOW_DEMAND_HIT_POS69                           0         -nan%                0         -nan%
L1_SHADOW_DEMAND_HIT_POS70                           0         -nan%                0         -nan%
L1_SHADOW_DEMAND_HIT_POS71                           0         -nan%                0         -nan%
L1_SHADOW_DEMAND_HIT_POS72                           0         -nan%                0         -nan%
L1_SHADOW_DEMAND_HIT_POS73                           0         -nan%                0         -nan%
L1_SHADOW_DEMAND_HIT_POS74                           0         -nan%                0         -nan%
L1_SHADOW_DEMAND_HIT_POS75                           0         -nan%                0         -nan%
L1_SHADOW_DEMAND_HIT_POS76                           0         -nan%                0         -nan%
L1_SHADOW_DEMAND_HIT_POS77                           0         -nan%                0         -nan%
L1_SHADOW_DEMAND_HIT_POS78                           0         -nan%                0         -nan%
L1_SHADOW_DEMAND_HIT_POS79                           0         -nan%                0         -nan%
L1_SHADOW_DEMAND_HIT_POS80                           0         -nan%                0         -nan%
L1_SHADOW_DEMAND_HIT_POS81                           0         -nan%                0         -nan%
L1_SHADOW_DEMAND_HIT_POS82                           0         -nan%                0         -nan%
L1_SHADOW_DEMAND_HIT_POS83                           0         -nan%                0         -nan%
L1_SHADOW_DEMAND_HIT_POS84                           0         -nan%                0         -nan%
L1_SHADOW_DEMAND_HIT_POS85                           0         -nan%                0         -nan%
L1_SHADOW_DEMAND_HIT_POS86                           0         -nan%                0         -nan%
L1_SHADOW_DEMAND_HIT_POS87                           0         -nan%                0         -nan%
L1_SHADOW_DEMAND_HIT_POS88                           0         -nan%                0         -nan%
L1_SHADOW_DEMAND_HIT_POS89                           0         -nan%                0         -nan%
L1_SHADOW_DEMAND_HIT_POS90                           0         -nan%                0         -nan%
L1_SHADOW_DEMAND_HIT_POS91                           0         -nan%                0         -nan%
L1_SHADOW_DEMAND_HIT_POS92                           0         -nan%                0         -nan%
L1_SHADOW_DEMAND_HIT_POS93                           0         -nan%                0         -nan%
L1_SHADOW_DEMAND_HIT_POS94                           0         -nan%                0         -nan%
L1_SHADOW_DEMAND_HIT_POS95                           0         -nan%                0         -nan%
L1_SHADOW_DEMAND_HIT_POS96                           0         -nan%                0         -nan%
L1_SHADOW_DEMAND_HIT_POS97                           0         -nan%                0         -nan%
L1_SHADOW_DEMAND_HIT_POS98                           0         -nan%                0         -nan%
L1_SHADOW_DEMAND_HIT_POS99                           0         -nan%                0         -nan%
L1_SHADOW_DEMAND_HIT_POS100                          0         -nan%                0         -nan%
L1_SHADOW_DEMAND_HIT_POS101                          0         -nan%                0         -nan%
L1_SHADOW_DEMAND_HIT_POS102                          0         -nan%                0         -nan%
L1_SHADOW_DEMAND_HIT_POS103                          0         -nan%                0         -nan%
L1_SHADOW_DEMAND_HIT_POS104                          0         -nan%                0         -nan%
L1_SHADOW_DEMAND_HIT_POS105                          0         -nan%                0         -nan%
L1_SHADOW_DEMAND_HIT_POS106                          0         -nan%                0         -nan%
L1_SHADOW_DEMAND_HIT_POS107                          0         -nan%                0         -nan%
L1_SHADOW_DEMAND_HIT_POS108                          0         -nan%                0         -nan%
L1_SHADOW_DEMAND_HIT_POS109                          0         -nan%                0         -nan%
L1_SHADOW_DEMAND_HIT_POS110                          0         -nan%                0         -nan%
L1_SHADOW_DEMAND_HIT_POS111                          0         -nan%                0         -nan%
L1_SHADOW_DEMAND_HIT_POS112                          0         -nan%                0         -nan%
L1_SHADOW_DEMAND_HIT_POS113                          0         -nan%                0         -nan%
L1_SHADOW_DEMAND_HIT_POS114                          0         -nan%                0         -nan%
L1_SHADOW_DEMAND_HIT_POS115                          0         -nan%                0         -nan%
L1_SHADOW_DEMAND_HIT_POS116                          0         -nan%                0         -nan%
L1_SHADOW_DEMAND_HIT_POS117                          0         -nan%                0         -nan%
L1_SHADOW_DEMAND_HIT_POS118                          0         -nan%                0         -nan%
L1_SHADOW_DEMAND_HIT_POS119                          0         -nan%                0         -nan%
L1_SHADOW_DEMAND_HIT_POS120                          0         -nan%                0         -nan%
L1_SHADOW_DEMAND_HIT_POS121                          0         -nan%                0         -nan%
L1_SHADOW_DEMAND_HIT_POS122                          0         -nan%                0         -nan%
L1_SHADOW_DEMAND_HIT_POS123                          0         -nan%                0         -nan%
L1_SHADOW_DEMAND_HIT_POS124                          0         -nan%                0         -nan%
L1_SHADOW_DEMAND_HIT_POS125                          0         -nan%                0         -nan%
L1_SHADOW_DEMAND_HIT_POS126                          0         -nan%                0         -nan%
L1_SHADOW_DEMAND_HIT_POS127                          0         -nan%                0         -nan%
                                                     0         -nan%                0         -nan%
                                                  -nan         -nan              -nan         -nan

CORE_PREF_MLC_SENT                                   0                              0              

CORE_PREF_MLC_USED                                   0         -nan%                0         -nan%
CORE_PREF_MLC_PARTIAL_USED                           0         -nan%                0         -nan%
CORE_PREF_MLC_NOT_USED                               0         -nan%                0         -nan%
CORE_PREF_MLC_DROPPED                                0         -nan%                0         -nan%
                                                     0         -nan%                0         -nan%
                                                  -nan         -nan              -nan         -nan

CORE_PREF_L1_SENT                               121680                         121680              

CORE_PREF_L1_USED                                 6694        5.502%             6694        5.502%
CORE_PREF_L1_PARTIAL_USED                       114977       94.497%           114977       94.497%
CORE_PREF_L1_NOT_USED                                2        0.002%                2        0.002%
CORE_PREF_L1_DROPPED                                 0        0.000%                0        0.000%
                                                121673      100.000%           121673      100.000%
                                                  0.95         0.05              0.95         0.05

TOTAL_MEM_LATENCY                             18850756      143.8100         18850756      143.8100

TOTAL_MEM_LATENCY_DEMAND                       1121172      119.1722          1121172      119.1722

TOTAL_MEM_LATENCY_PREF                        17729584      145.7150         17729584      145.7150

CORE_MEM_LATENCY                              18850756      143.8100         18850756      143.8100

CORE_MEM_LATENCY_DEMAND                        1121172      119.1722          1121172      119.1722

CORE_MEM_LATENCY_PREF                         17729584      145.7150         17729584      145.7150

CORE_MEM_LATENCY_IFETCH                            265        0.001%              265        0.001%
CORE_MEM_LATENCY_DFETCH                       17786256       94.353%         17786256       94.353%
CORE_MEM_LATENCY_DSTORE                             99        0.001%               99        0.001%
CORE_MEM_LATENCY_IPRF                                0        0.000%                0        0.000%
CORE_MEM_LATENCY_DPRF                          1064136        5.645%          1064136        5.645%
CORE_MEM_LATENCY_WB                                  0        0.000%                0        0.000%
CORE_MEM_LATENCY_WB_NODIRTY                          0        0.000%                0        0.000%
                                              18850756      100.000%         18850756      100.000%
                                                  1.17         0.69              1.17         0.69

CORE_MEM_STALLING_LATENCY_IFETCH                     0         -nan%                0         -nan%
CORE_MEM_STALLING_LATENCY_DFETCH                     0         -nan%                0         -nan%
CORE_MEM_STALLING_LATENCY_DSTORE                     0         -nan%                0         -nan%
CORE_MEM_STALLING_LATENCY_IPRF                       0         -nan%                0         -nan%
CORE_MEM_STALLING_LATENCY_DPRF                       0         -nan%                0         -nan%
CORE_MEM_STALLING_LATENCY_WB                         0         -nan%                0         -nan%
CORE_MEM_STALLING_LATENCY_WB_NODIRTY                 0         -nan%                0         -nan%
                                                     0         -nan%                0         -nan%
                                                  -nan         -nan              -nan         -nan

TOTAL_L1_MISS_LATENCY                         18850756      143.8100         18850756      143.8100

TOTAL_L1_MISS_LATENCY_DEMAND                   1121172      119.1722          1121172      119.1722

TOTAL_L1_MISS_LATENCY_PREF                    17729584      145.7150         17729584      145.7150

CORE_L1_MISS_LATENCY                          18850756      143.8100         18850756      143.8100

CORE_L1_MISS_LATENCY_DEMAND                    1121172      119.1722          1121172      119.1722

CORE_L1_MISS_LATENCY_PREF                     17729584      145.7150         17729584      145.7150

CORE_EVICTED_L1_DEMAND                            8256        7.198%             8256        7.198%
CORE_EVICTED_L1_PREF_USED                       106441       92.802%           106441       92.802%
CORE_EVICTED_L1_PREF_NOT_USED                        0        0.000%                0        0.000%
                                                114697      100.000%           114697      100.000%
                                                  0.93         0.07              0.93         0.07

CORE_EVICTED_MLC_DEMAND                              0         -nan%                0         -nan%
CORE_EVICTED_MLC_PREF_USED                           0         -nan%                0         -nan%
CORE_EVICTED_MLC_PREF_NOT_USED                       0         -nan%                0         -nan%
                                                     0         -nan%                0         -nan%
                                                  -nan         -nan              -nan         -nan

CORE_MEM_LATENCY_AVE_DEMAND                     991001      120.0340           991001      120.0340

CORE_MEM_LATENCY_AVE_PREF_USED                15451493      145.1649         15451493      145.1649

CORE_MEM_LATENCY_AVE_PREF_NOT_USED                   0          -nan                0          -nan

DRAM_LATENCY                                         0                              0              

TOTAL_DRAM_LATENCY                                   0                              0              

DRAM_CLOSED_PAGE_POLICY_CMD                          0                              0              

DRAM_ACTIVATE_STALLING                               0                              0              

DRAM_PRECHARGE_STALLING                              0                              0              

DRAM_PRECHARGE_STALLING_WAIT_CYCLES                  0                              0              

L1_STAY_DEMAND                              2559559762   310024.1960       2559559762   310024.1960

L1_STAY_PREF_USED                          32998908200   310020.6518      32998908200   310020.6518

L1_STAY_PREF_NOT_USED                                0          -nan                0          -nan

TOTAL_DATA_MISS_LATENCY                       17786355                       17786355              

TOTAL_DATA_MISS_COUNT                           124381                         124381              

CORE_PREF_L1_NOT_USED_LATENCY200                     0         -nan%                0         -nan%
CORE_PREF_L1_NOT_USED_LATENCY400                     0         -nan%                0         -nan%
CORE_PREF_L1_NOT_USED_LATENCY600                     0         -nan%                0         -nan%
CORE_PREF_L1_NOT_USED_LATENCY800                     0         -nan%                0         -nan%
CORE_PREF_L1_NOT_USED_LATENCY1000                    0         -nan%                0         -nan%
CORE_PREF_L1_NOT_USED_LATENCY1200                    0         -nan%                0         -nan%
CORE_PREF_L1_NOT_USED_LATENCY1400                    0         -nan%                0         -nan%
CORE_PREF_L1_NOT_USED_LATENCY1600                    0         -nan%                0         -nan%
CORE_PREF_L1_NOT_USED_LATENCY1600MORE                0         -nan%                0         -nan%
                                                     0         -nan%                0         -nan%
                                                  -nan         -nan              -nan         -nan

CORE_PREF_L1_NOT_USED_DISTANCE_1                     0         -nan%                0         -nan%
CORE_PREF_L1_NOT_USED_DISTANCE_2                     0         -nan%                0         -nan%
CORE_PREF_L1_NOT_USED_DISTANCE_4                     0         -nan%                0         -nan%
CORE_PREF_L1_NOT_USED_DISTANCE_8                     0         -nan%                0         -nan%
CORE_PREF_L1_NOT_USED_DISTANCE_16                    0         -nan%                0         -nan%
CORE_PREF_L1_NOT_USED_DISTANCE_32                    0         -nan%                0         -nan%
CORE_PREF_L1_NOT_USED_DISTANCE_MORE                  0         -nan%                0         -nan%
                                                     0         -nan%                0         -nan%
                                                  -nan         -nan              -nan         -nan

CORE_PREF_L1_USED_LATENCY200                     99824       93.783%            99824       93.783%
CORE_PREF_L1_USED_LATENCY400                      5813        5.461%             5813        5.461%
CORE_PREF_L1_USED_LATENCY600                         3        0.003%                3        0.003%
CORE_PREF_L1_USED_LATENCY800                         0        0.000%                0        0.000%
CORE_PREF_L1_USED_LATENCY1000                        0        0.000%                0        0.000%
CORE_PREF_L1_USED_LATENCY1200                       24        0.023%               24        0.023%
CORE_PREF_L1_USED_LATENCY1400                      642        0.603%              642        0.603%
CORE_PREF_L1_USED_LATENCY1600                      135        0.127%              135        0.127%
CORE_PREF_L1_USED_LATENCY1600MORE                    0        0.000%                0        0.000%
                                                106441      100.000%           106441      100.000%
                                                  0.10         0.57              0.10         0.57

CORE_PREF_L1_USED_DISTANCE_1                    106441      100.000%           106441      100.000%
CORE_PREF_L1_USED_DISTANCE_2                         0        0.000%                0        0.000%
CORE_PREF_L1_USED_DISTANCE_4                         0        0.000%                0        0.000%
CORE_PREF_L1_USED_DISTANCE_8                         0        0.000%                0        0.000%
CORE_PREF_L1_USED_DISTANCE_16                        0        0.000%                0        0.000%
CORE_PREF_L1_USED_DISTANCE_32                        0        0.000%                0        0.000%
CORE_PREF_L1_USED_DISTANCE_MORE                      0        0.000%                0        0.000%
                                                106441      100.000%           106441      100.000%
                                                  0.00         0.00              0.00         0.00

CORE_PREF_L1_DEMAND_LATENCY300                    8162       98.861%             8162       98.861%
CORE_PREF_L1_DEMAND_LATENCY400                       4        0.048%                4        0.048%
CORE_PREF_L1_DEMAND_LATENCY500                       0        0.000%                0        0.000%
CORE_PREF_L1_DEMAND_LATENCY600                       0        0.000%                0        0.000%
CORE_PREF_L1_DEMAND_LATENCY700                       0        0.000%                0        0.000%
CORE_PREF_L1_DEMAND_LATENCY800                       0        0.000%                0        0.000%
CORE_PREF_L1_DEMAND_LATENCY900                       0        0.000%                0        0.000%
CORE_PREF_L1_DEMAND_LATENCY1000                      0        0.000%                0        0.000%
CORE_PREF_L1_DEMAND_LATENCY1000MORE                 90        1.090%               90        1.090%
                                                  8256      100.000%             8256      100.000%
                                                  0.09         0.83              0.09         0.83

CORE_PREF_MLC_NOT_USED_LATENCY200                    0         -nan%                0         -nan%
CORE_PREF_MLC_NOT_USED_LATENCY400                    0         -nan%                0         -nan%
CORE_PREF_MLC_NOT_USED_LATENCY600                    0         -nan%                0         -nan%
CORE_PREF_MLC_NOT_USED_LATENCY800                    0         -nan%                0         -nan%
CORE_PREF_MLC_NOT_USED_LATENCY1000                   0         -nan%                0         -nan%
CORE_PREF_MLC_NOT_USED_LATENCY1200                   0         -nan%                0         -nan%
CORE_PREF_MLC_NOT_USED_LATENCY1400                   0         -nan%                0         -nan%
CORE_PREF_MLC_NOT_USED_LATENCY1600                   0         -nan%                0         -nan%
CORE_PREF_MLC_NOT_USED_LATENCY1600MORE               0         -nan%                0         -nan%
                                                     0         -nan%                0         -nan%
                                                  -nan         -nan              -nan         -nan

CORE_PREF_MLC_USED_LATENCY200                        0         -nan%                0         -nan%
CORE_PREF_MLC_USED_LATENCY400                        0         -nan%                0         -nan%
CORE_PREF_MLC_USED_LATENCY600                        0         -nan%                0         -nan%
CORE_PREF_MLC_USED_LATENCY800                        0         -nan%                0         -nan%
CORE_PREF_MLC_USED_LATENCY1000                       0         -nan%                0         -nan%
CORE_PREF_MLC_USED_LATENCY1200                       0         -nan%                0         -nan%
CORE_PREF_MLC_USED_LATENCY1400                       0         -nan%                0         -nan%
CORE_PREF_MLC_USED_LATENCY1600                       0         -nan%                0         -nan%
CORE_PREF_MLC_USED_LATENCY1600MORE                   0         -nan%                0         -nan%
                                                     0         -nan%                0         -nan%
                                                  -nan         -nan              -nan         -nan

CORE_PREF_MLC_DEMAND_LATENCY300                      0         -nan%                0         -nan%
CORE_PREF_MLC_DEMAND_LATENCY400                      0         -nan%                0         -nan%
CORE_PREF_MLC_DEMAND_LATENCY500                      0         -nan%                0         -nan%
CORE_PREF_MLC_DEMAND_LATENCY600                      0         -nan%                0         -nan%
CORE_PREF_MLC_DEMAND_LATENCY700                      0         -nan%                0         -nan%
CORE_PREF_MLC_DEMAND_LATENCY800                      0         -nan%                0         -nan%
CORE_PREF_MLC_DEMAND_LATENCY900                      0         -nan%                0         -nan%
CORE_PREF_MLC_DEMAND_LATENCY1000                     0         -nan%                0         -nan%
CORE_PREF_MLC_DEMAND_LATENCY1000MORE                 0         -nan%                0         -nan%
                                                     0         -nan%                0         -nan%
                                                  -nan         -nan              -nan         -nan

TOTAL_BATCH_FORMED                                   0                              0              

TOTAL_BATCH_MEM_REQ_MARKED                           0          -nan                0          -nan

CORE_BATCH_MEM_REQ_MARKED                            0          -nan                0          -nan

CORE_BATCH_MEM_REQ_MARKED_DEMAND                     0          -nan                0          -nan

CORE_BATCH_MEM_REQ_MARKED_PREF                       0          -nan                0          -nan

DRAM_ROW_BATCHES                                     0                              0              

REJECTED_QUEUE_MLC                                   0                              0              

REJECTED_QUEUE_L1                                    0                              0              

REJECTED_QUEUE_BUS_OUT                               0                              0              

LEADING_LOAD_LATENCY                                 0        0.0000                0        0.0000

LEADING_LOADS                                        0        0.0000                0        0.0000

MEM_REQ_CRITICAL_PATH_LENGTH                         0        0.0000                0        0.0000

TOTAL_MEM_REQ_LATENCY                                0                              0              

TOTAL_CRITICAL_MEM_REQ_LATENCY                       0          -nan                0          -nan

TOTAL_CRITICAL_BANK_LATENCY                          0          -nan                0          -nan

TOTAL_MEMORY_SLACK                                   0        0.0000                0        0.0000

TOTAL_CHIP_UTILIZATION                               0        0.0000                0        0.0000

CHIP_BUSY_UNDER_CRITICAL_REQS                        0        0.0000                0        0.0000

PERF_PRED_NUM_STAT_RESETS                            0                              0              

PERF_PRED_RESET_STATS_CYCLE                          0                              0              

PERF_PRED_CYCLE                                2477458                        2477458              

ESTIMATED_ALONE_CYCLES                               0        0.0000                0        0.0000

NUM_WINDOWS_WITH_DCACHE_MISS                     26237                          26237              

LONGEST_DCACHE_MISS_CHAIN                        30052                          30052              

NUM_DCACHE_MISSES_IN_WINDOW_1                     1269        4.837%             1269        4.837%
NUM_DCACHE_MISSES_IN_WINDOW_2                      255        0.972%              255        0.972%
NUM_DCACHE_MISSES_IN_WINDOW_3                       98        0.374%               98        0.374%
NUM_DCACHE_MISSES_IN_WINDOW_4                     1827        6.963%             1827        6.963%
NUM_DCACHE_MISSES_IN_WINDOW_5                    19481       74.250%            19481       74.250%
NUM_DCACHE_MISSES_IN_WINDOW_6                      634        2.416%              634        2.416%
NUM_DCACHE_MISSES_IN_WINDOW_7                      846        3.224%              846        3.224%
NUM_DCACHE_MISSES_IN_WINDOW_8                     1813        6.910%             1813        6.910%
NUM_DCACHE_MISSES_IN_WINDOW_9                        2        0.008%                2        0.008%
NUM_DCACHE_MISSES_IN_WINDOW_10                       0        0.000%                0        0.000%
NUM_DCACHE_MISSES_IN_WINDOW_11                       0        0.000%                0        0.000%
NUM_DCACHE_MISSES_IN_WINDOW_12                       0        0.000%                0        0.000%
NUM_DCACHE_MISSES_IN_WINDOW_13                       0        0.000%                0        0.000%
NUM_DCACHE_MISSES_IN_WINDOW_14                       0        0.000%                0        0.000%
NUM_DCACHE_MISSES_IN_WINDOW_15                      11        0.042%               11        0.042%
NUM_DCACHE_MISSES_IN_WINDOW_16_OR_MORE               1        0.004%                1        0.004%
                                                 26237      100.000%            26237      100.000%
                                                  4.00         1.00              4.00         1.00

DCACHE_MLP_IN_WINDOW_1_0                          1275        4.860%             1275        4.860%
DCACHE_MLP_IN_WINDOW_1_5                           166        0.633%              166        0.633%
DCACHE_MLP_IN_WINDOW_2_0                          1217        4.638%             1217        4.638%
DCACHE_MLP_IN_WINDOW_2_5                           242        0.922%              242        0.922%
DCACHE_MLP_IN_WINDOW_3_0                           163        0.621%              163        0.621%
DCACHE_MLP_IN_WINDOW_3_5                           319        1.216%              319        1.216%
DCACHE_MLP_IN_WINDOW_4_0                          2553        9.731%             2553        9.731%
DCACHE_MLP_IN_WINDOW_4_5                             1        0.004%                1        0.004%
DCACHE_MLP_IN_WINDOW_5_0                         19234       73.309%            19234       73.309%
DCACHE_MLP_IN_WINDOW_5_5                             0        0.000%                0        0.000%
DCACHE_MLP_IN_WINDOW_6_0                           544        2.073%              544        2.073%
DCACHE_MLP_IN_WINDOW_6_5                             0        0.000%                0        0.000%
DCACHE_MLP_IN_WINDOW_7_0                           496        1.890%              496        1.890%
DCACHE_MLP_IN_WINDOW_7_5                             3        0.011%                3        0.011%
DCACHE_MLP_IN_WINDOW_8_0                            18        0.069%               18        0.069%
DCACHE_MLP_IN_WINDOW_8_5_OR_MORE                     6        0.023%                6        0.023%
                                                 26237      100.000%            26237      100.000%
                                                  7.11         1.76              7.11         1.76

PARAM_CHIP_CYCLE_TIME                                0                              0              

PARAM_CORE_CYCLE_TIME                           312500                         312500              

PARAM_L1_CYCLE_TIME                             312500                         312500              

PARAM_MEMORY_CYCLE_TIME                         833333                         833333              

MEM_REQ_NON_SCHEDULED__0                             0         -nan%                0         -nan%
MEM_REQ_NON_SCHEDULED__4                             0         -nan%                0         -nan%
MEM_REQ_NON_SCHEDULED__8                             0         -nan%                0         -nan%
MEM_REQ_NON_SCHEDULED_12                             0         -nan%                0         -nan%
MEM_REQ_NON_SCHEDULED_16                             0         -nan%                0         -nan%
MEM_REQ_NON_SCHEDULED_20                             0         -nan%                0         -nan%
MEM_REQ_NON_SCHEDULED_24                             0         -nan%                0         -nan%
MEM_REQ_NON_SCHEDULED_28                             0         -nan%                0         -nan%
MEM_REQ_NON_SCHEDULED_32                             0         -nan%                0         -nan%
MEM_REQ_NON_SCHEDULED_36                             0         -nan%                0         -nan%
MEM_REQ_NON_SCHEDULED_40                             0         -nan%                0         -nan%
MEM_REQ_NON_SCHEDULED_44                             0         -nan%                0         -nan%
MEM_REQ_NON_SCHEDULED_48                             0         -nan%                0         -nan%
MEM_REQ_NON_SCHEDULED_52                             0         -nan%                0         -nan%
MEM_REQ_NON_SCHEDULED_56                             0         -nan%                0         -nan%
MEM_REQ_NON_SCHEDULED_60                             0         -nan%                0         -nan%
MEM_REQ_NON_SCHEDULED_64                             0         -nan%                0         -nan%
                                                     0         -nan%                0         -nan%
                                                  -nan         -nan              -nan         -nan

MEM_REQ_DEMANDS__0                              522300       21.082%           522300       21.082%
MEM_REQ_DEMANDS__4                             1953051       78.833%          1953051       78.833%
MEM_REQ_DEMANDS__8                                1365        0.055%             1365        0.055%
MEM_REQ_DEMANDS_12                                 742        0.030%              742        0.030%
MEM_REQ_DEMANDS_16                                   0        0.000%                0        0.000%
MEM_REQ_DEMANDS_20                                   0        0.000%                0        0.000%
MEM_REQ_DEMANDS_24                                   0        0.000%                0        0.000%
MEM_REQ_DEMANDS_28                                   0        0.000%                0        0.000%
MEM_REQ_DEMANDS_32                                   0        0.000%                0        0.000%
MEM_REQ_DEMANDS_36                                   0        0.000%                0        0.000%
MEM_REQ_DEMANDS_40                                   0        0.000%                0        0.000%
MEM_REQ_DEMANDS_44                                   0        0.000%                0        0.000%
MEM_REQ_DEMANDS_48                                   0        0.000%                0        0.000%
MEM_REQ_DEMANDS_52                                   0        0.000%                0        0.000%
MEM_REQ_DEMANDS_56                                   0        0.000%                0        0.000%
MEM_REQ_DEMANDS_60                                   0        0.000%                0        0.000%
MEM_REQ_DEMANDS_64                                   0        0.000%                0        0.000%
                                               2477458      100.000%          2477458      100.000%
                                                  0.79         0.19              0.79         0.19

MEM_REQ_PREFS__0                                844249       34.077%           844249       34.077%
MEM_REQ_PREFS__4                                972036       39.235%           972036       39.235%
MEM_REQ_PREFS__8                                659606       26.624%           659606       26.624%
MEM_REQ_PREFS_12                                   425        0.017%              425        0.017%
MEM_REQ_PREFS_16                                  1129        0.046%             1129        0.046%
MEM_REQ_PREFS_20                                    13        0.001%               13        0.001%
MEM_REQ_PREFS_24                                     0        0.000%                0        0.000%
MEM_REQ_PREFS_28                                     0        0.000%                0        0.000%
MEM_REQ_PREFS_32                                     0        0.000%                0        0.000%
MEM_REQ_PREFS_36                                     0        0.000%                0        0.000%
MEM_REQ_PREFS_40                                     0        0.000%                0        0.000%
MEM_REQ_PREFS_44                                     0        0.000%                0        0.000%
MEM_REQ_PREFS_48                                     0        0.000%                0        0.000%
MEM_REQ_PREFS_52                                     0        0.000%                0        0.000%
MEM_REQ_PREFS_56                                     0        0.000%                0        0.000%
MEM_REQ_PREFS_60                                     0        0.000%                0        0.000%
MEM_REQ_PREFS_64                                     0        0.000%                0        0.000%
                                               2477458      100.000%          2477458      100.000%
                                                  0.93         0.56              0.93         0.56

MEM_REQ_WRITEBACKS__0                          2477458      100.000%          2477458      100.000%
MEM_REQ_WRITEBACKS__4                                0        0.000%                0        0.000%
MEM_REQ_WRITEBACKS__8                                0        0.000%                0        0.000%
MEM_REQ_WRITEBACKS_12                                0        0.000%                0        0.000%
MEM_REQ_WRITEBACKS_16                                0        0.000%                0        0.000%
MEM_REQ_WRITEBACKS_20                                0        0.000%                0        0.000%
MEM_REQ_WRITEBACKS_24                                0        0.000%                0        0.000%
MEM_REQ_WRITEBACKS_28                                0        0.000%                0        0.000%
MEM_REQ_WRITEBACKS_32                                0        0.000%                0        0.000%
MEM_REQ_WRITEBACKS_36                                0        0.000%                0        0.000%
MEM_REQ_WRITEBACKS_40                                0        0.000%                0        0.000%
MEM_REQ_WRITEBACKS_44                                0        0.000%                0        0.000%
MEM_REQ_WRITEBACKS_48                                0        0.000%                0        0.000%
MEM_REQ_WRITEBACKS_52                                0        0.000%                0        0.000%
MEM_REQ_WRITEBACKS_56                                0        0.000%                0        0.000%
MEM_REQ_WRITEBACKS_60                                0        0.000%                0        0.000%
MEM_REQ_WRITEBACKS_64                                0        0.000%                0        0.000%
                                               2477458      100.000%          2477458      100.000%
                                                  0.00         0.00              0.00         0.00

MEM_REQ_DEMAND_CYCLES                          9236091                        9236091              

MEM_REQ_PREF_CYCLES                           12594582                       12594582              

MEM_REQ_WB_CYCLES                                   19                             19              

DRAM_CHANNEL_REQS                                    0                              0              

DRAM_CHANNEL_CRIT_REQS                               0                              0              

DRAM_CHANNEL_CRIT_DIR_SWITCHES                       0                              0              

DRAM_BANK_CRIT_REQS                                  0                              0              

DRAM_INSTA_MLP_SAMPLES                               0                              0              

DRAM_INSTA_MLP_UNIQUE_REQS                           0          -nan                0          -nan

DRAM_INST_MLP_HITS_NORM_SPREAD_TIMES_1000             0          -nan                0          -nan

DRAM_GLOBAL_MLP                                      0          -nan                0          -nan

DRAM_GLOBAL_MLP_0                                    0         -nan%                0         -nan%
DRAM_GLOBAL_MLP_1                                    0         -nan%                0         -nan%
DRAM_GLOBAL_MLP_2                                    0         -nan%                0         -nan%
DRAM_GLOBAL_MLP_3                                    0         -nan%                0         -nan%
DRAM_GLOBAL_MLP_4                                    0         -nan%                0         -nan%
DRAM_GLOBAL_MLP_5                                    0         -nan%                0         -nan%
DRAM_GLOBAL_MLP_6                                    0         -nan%                0         -nan%
DRAM_GLOBAL_MLP_7                                    0         -nan%                0         -nan%
DRAM_GLOBAL_MLP_8                                    0         -nan%                0         -nan%
DRAM_GLOBAL_MLP_9                                    0         -nan%                0         -nan%
DRAM_GLOBAL_MLP_10                                   0         -nan%                0         -nan%
DRAM_GLOBAL_MLP_11                                   0         -nan%                0         -nan%
DRAM_GLOBAL_MLP_12                                   0         -nan%                0         -nan%
DRAM_GLOBAL_MLP_13                                   0         -nan%                0         -nan%
DRAM_GLOBAL_MLP_14                                   0         -nan%                0         -nan%
DRAM_GLOBAL_MLP_15                                   0         -nan%                0         -nan%
DRAM_GLOBAL_MLP_16                                   0         -nan%                0         -nan%
                                                     0         -nan%                0         -nan%
                                                  -nan         -nan              -nan         -nan

DRAM_TOTAL_GLOBAL_MLP_0                              0         -nan%                0         -nan%
DRAM_TOTAL_GLOBAL_MLP_1                              0         -nan%                0         -nan%
DRAM_TOTAL_GLOBAL_MLP_2                              0         -nan%                0         -nan%
DRAM_TOTAL_GLOBAL_MLP_3                              0         -nan%                0         -nan%
DRAM_TOTAL_GLOBAL_MLP_4                              0         -nan%                0         -nan%
DRAM_TOTAL_GLOBAL_MLP_5                              0         -nan%                0         -nan%
DRAM_TOTAL_GLOBAL_MLP_6                              0         -nan%                0         -nan%
DRAM_TOTAL_GLOBAL_MLP_7                              0         -nan%                0         -nan%
DRAM_TOTAL_GLOBAL_MLP_8                              0         -nan%                0         -nan%
DRAM_TOTAL_GLOBAL_MLP_9                              0         -nan%                0         -nan%
DRAM_TOTAL_GLOBAL_MLP_10                             0         -nan%                0         -nan%
DRAM_TOTAL_GLOBAL_MLP_11                             0         -nan%                0         -nan%
DRAM_TOTAL_GLOBAL_MLP_12                             0         -nan%                0         -nan%
DRAM_TOTAL_GLOBAL_MLP_13                             0         -nan%                0         -nan%
DRAM_TOTAL_GLOBAL_MLP_14                             0         -nan%                0         -nan%
DRAM_TOTAL_GLOBAL_MLP_15                             0         -nan%                0         -nan%
DRAM_TOTAL_GLOBAL_MLP_16                             0         -nan%                0         -nan%
DRAM_TOTAL_GLOBAL_MLP_17                             0         -nan%                0         -nan%
DRAM_TOTAL_GLOBAL_MLP_18                             0         -nan%                0         -nan%
DRAM_TOTAL_GLOBAL_MLP_19                             0         -nan%                0         -nan%
DRAM_TOTAL_GLOBAL_MLP_20                             0         -nan%                0         -nan%
DRAM_TOTAL_GLOBAL_MLP_21                             0         -nan%                0         -nan%
DRAM_TOTAL_GLOBAL_MLP_22                             0         -nan%                0         -nan%
DRAM_TOTAL_GLOBAL_MLP_23                             0         -nan%                0         -nan%
DRAM_TOTAL_GLOBAL_MLP_24                             0         -nan%                0         -nan%
DRAM_TOTAL_GLOBAL_MLP_25                             0         -nan%                0         -nan%
DRAM_TOTAL_GLOBAL_MLP_26                             0         -nan%                0         -nan%
DRAM_TOTAL_GLOBAL_MLP_27                             0         -nan%                0         -nan%
DRAM_TOTAL_GLOBAL_MLP_28                             0         -nan%                0         -nan%
DRAM_TOTAL_GLOBAL_MLP_29                             0         -nan%                0         -nan%
DRAM_TOTAL_GLOBAL_MLP_30                             0         -nan%                0         -nan%
DRAM_TOTAL_GLOBAL_MLP_31                             0         -nan%                0         -nan%
DRAM_TOTAL_GLOBAL_MLP_32                             0         -nan%                0         -nan%
                                                     0         -nan%                0         -nan%
                                                  -nan         -nan              -nan         -nan

UNIQUE_ROWS_PER_BANK_0                               0         -nan%                0         -nan%
UNIQUE_ROWS_PER_BANK_1                               0         -nan%                0         -nan%
UNIQUE_ROWS_PER_BANK_2                               0         -nan%                0         -nan%
UNIQUE_ROWS_PER_BANK_3                               0         -nan%                0         -nan%
UNIQUE_ROWS_PER_BANK_4                               0         -nan%                0         -nan%
UNIQUE_ROWS_PER_BANK_5                               0         -nan%                0         -nan%
UNIQUE_ROWS_PER_BANK_6                               0         -nan%                0         -nan%
UNIQUE_ROWS_PER_BANK_7                               0         -nan%                0         -nan%
UNIQUE_ROWS_PER_BANK_MORE                            0         -nan%                0         -nan%
                                                     0         -nan%                0         -nan%
                                                  -nan         -nan              -nan         -nan

CORE_UNIQUE_ROWS_PER_BANK_0                          0         -nan%                0         -nan%
CORE_UNIQUE_ROWS_PER_BANK_1                          0         -nan%                0         -nan%
CORE_UNIQUE_ROWS_PER_BANK_2                          0         -nan%                0         -nan%
CORE_UNIQUE_ROWS_PER_BANK_3                          0         -nan%                0         -nan%
CORE_UNIQUE_ROWS_PER_BANK_4                          0         -nan%                0         -nan%
CORE_UNIQUE_ROWS_PER_BANK_5                          0         -nan%                0         -nan%
CORE_UNIQUE_ROWS_PER_BANK_6                          0         -nan%                0         -nan%
CORE_UNIQUE_ROWS_PER_BANK_7                          0         -nan%                0         -nan%
CORE_UNIQUE_ROWS_PER_BANK_MORE                       0         -nan%                0         -nan%
                                                     0         -nan%                0         -nan%
                                                  -nan         -nan              -nan         -nan

CORES_PER_BANK_0                                     0         -nan%                0         -nan%
CORES_PER_BANK_1                                     0         -nan%                0         -nan%
CORES_PER_BANK_2                                     0         -nan%                0         -nan%
CORES_PER_BANK_3                                     0         -nan%                0         -nan%
CORES_PER_BANK_4                                     0         -nan%                0         -nan%
CORES_PER_BANK_5                                     0         -nan%                0         -nan%
CORES_PER_BANK_6                                     0         -nan%                0         -nan%
CORES_PER_BANK_7                                     0         -nan%                0         -nan%
CORES_PER_BANK_MORE                                  0         -nan%                0         -nan%
                                                     0         -nan%                0         -nan%
                                                  -nan         -nan              -nan         -nan

MEM_BANKS_WITH_REQS_0                                0         -nan%                0         -nan%
MEM_BANKS_WITH_REQS_1                                0         -nan%                0         -nan%
MEM_BANKS_WITH_REQS_2                                0         -nan%                0         -nan%
MEM_BANKS_WITH_REQS_3                                0         -nan%                0         -nan%
MEM_BANKS_WITH_REQS_4                                0         -nan%                0         -nan%
MEM_BANKS_WITH_REQS_5                                0         -nan%                0         -nan%
MEM_BANKS_WITH_REQS_6                                0         -nan%                0         -nan%
MEM_BANKS_WITH_REQS_7                                0         -nan%                0         -nan%
MEM_BANKS_WITH_REQS_8                                0         -nan%                0         -nan%
MEM_BANKS_WITH_REQS_9                                0         -nan%                0         -nan%
MEM_BANKS_WITH_REQS_10                               0         -nan%                0         -nan%
MEM_BANKS_WITH_REQS_11                               0         -nan%                0         -nan%
MEM_BANKS_WITH_REQS_12                               0         -nan%                0         -nan%
MEM_BANKS_WITH_REQS_13                               0         -nan%                0         -nan%
MEM_BANKS_WITH_REQS_14                               0         -nan%                0         -nan%
MEM_BANKS_WITH_REQS_15                               0         -nan%                0         -nan%
MEM_BANKS_WITH_REQS_16                               0         -nan%                0         -nan%
                                                     0         -nan%                0         -nan%
                                                  -nan         -nan              -nan         -nan

MEM_BANKS_WITH_REQS                                  0                              0              

DRAM_CHANNEL_IN_DEMAND                               0                              0              

DRAM_BUS_IN_DEMAND                                   0                              0              

DRAM_BANK_IN_DEMAND                                  0                              0              

DRAM_BANK_IN_DEMAND_STALLING                         0                              0              

DRAM_ANY_BANK_IN_DEMAND                              0                              0              

DRAM_BANK_IN_DEMAND_BANK_0                           0         -nan%                0         -nan%
DRAM_BANK_IN_DEMAND_BANK_1                           0         -nan%                0         -nan%
DRAM_BANK_IN_DEMAND_BANK_2                           0         -nan%                0         -nan%
DRAM_BANK_IN_DEMAND_BANK_3                           0         -nan%                0         -nan%
DRAM_BANK_IN_DEMAND_BANK_4                           0         -nan%                0         -nan%
DRAM_BANK_IN_DEMAND_BANK_5                           0         -nan%                0         -nan%
DRAM_BANK_IN_DEMAND_BANK_6                           0         -nan%                0         -nan%
DRAM_BANK_IN_DEMAND_BANK_7                           0         -nan%                0         -nan%
DRAM_BANK_IN_DEMAND_BANK_8                           0         -nan%                0         -nan%
DRAM_BANK_IN_DEMAND_BANK_9                           0         -nan%                0         -nan%
DRAM_BANK_IN_DEMAND_BANK_10                          0         -nan%                0         -nan%
DRAM_BANK_IN_DEMAND_BANK_11                          0         -nan%                0         -nan%
DRAM_BANK_IN_DEMAND_BANK_12                          0         -nan%                0         -nan%
DRAM_BANK_IN_DEMAND_BANK_13                          0         -nan%                0         -nan%
DRAM_BANK_IN_DEMAND_BANK_14                          0         -nan%                0         -nan%
DRAM_BANK_IN_DEMAND_BANK_15                          0         -nan%                0         -nan%
DRAM_BANK_IN_DEMAND_BANK_16                          0         -nan%                0         -nan%
                                                     0         -nan%                0         -nan%
                                                  -nan         -nan              -nan         -nan

DRAM_CONTENTION_BUS                                  0          -nan                0          -nan

DRAM_CONTENTION_BANKS                                0          -nan                0          -nan

DRAM_CONTENTION_FAW                                  0          -nan                0          -nan

DRAM_CONTENTION_BANKS_TIMES_1000                     0          -nan                0          -nan

DRAM_STALL_OTHER_CORE                                0                              0              

DRAM_STALLED_BY_OTHER_CORE                           0                              0              

DRAM_MP_CRIT_PATH                                    0                              0              

DRAM_MP_CRIT_PATH_BUS                                0          -nan                0          -nan

DRAM_MP_CRIT_PATH_BANK                               0          -nan                0          -nan

DRAM_MP_CRIT_PATH_BANK_TRAS                          0          -nan                0          -nan

DRAM_MP_CRIT_PATH_FAW                                0          -nan                0          -nan

DRAM_BLACK_BOX_SERVICE_TIMES_1000                    0                              0              

DRAM_BLACK_BOX_REQS_BUSY_0                           0         -nan%                0         -nan%
DRAM_BLACK_BOX_REQS_BUSY_1                           0         -nan%                0         -nan%
DRAM_BLACK_BOX_REQS_BUSY_2                           0         -nan%                0         -nan%
DRAM_BLACK_BOX_REQS_BUSY_3                           0         -nan%                0         -nan%
DRAM_BLACK_BOX_REQS_BUSY_4                           0         -nan%                0         -nan%
DRAM_BLACK_BOX_REQS_BUSY_5                           0         -nan%                0         -nan%
DRAM_BLACK_BOX_REQS_BUSY_6                           0         -nan%                0         -nan%
DRAM_BLACK_BOX_REQS_BUSY_7                           0         -nan%                0         -nan%
DRAM_BLACK_BOX_REQS_BUSY_8                           0         -nan%                0         -nan%
                                                     0         -nan%                0         -nan%
                                                  -nan         -nan              -nan         -nan

NUM_MEM_SCHED_DECISIONS                              0                              0              

MEM_REQ_NON_SCHEDULED_CANDIDATES                     0          -nan                0          -nan

NUM_MEM_SCHED_DECISIONS_PER_BANK                     0                              0              

MEM_REQ_NON_SCHEDULED_CANDIDATES_PER_BANK             0          -nan                0          -nan

ROW_BUFFER_HITS_BANK_0                               0         -nan%                0         -nan%
ROW_BUFFER_HITS_BANK_1                               0         -nan%                0         -nan%
ROW_BUFFER_HITS_BANK_2                               0         -nan%                0         -nan%
ROW_BUFFER_HITS_BANK_3                               0         -nan%                0         -nan%
ROW_BUFFER_HITS_BANK_4                               0         -nan%                0         -nan%
ROW_BUFFER_HITS_BANK_5                               0         -nan%                0         -nan%
ROW_BUFFER_HITS_BANK_6                               0         -nan%                0         -nan%
ROW_BUFFER_HITS_BANK_7                               0         -nan%                0         -nan%
                                                     0         -nan%                0         -nan%
                                                  -nan         -nan              -nan         -nan

ROW_BUFFER_CONFLICTS_BANK_0                          0         -nan%                0         -nan%
ROW_BUFFER_CONFLICTS_BANK_1                          0         -nan%                0         -nan%
ROW_BUFFER_CONFLICTS_BANK_2                          0         -nan%                0         -nan%
ROW_BUFFER_CONFLICTS_BANK_3                          0         -nan%                0         -nan%
ROW_BUFFER_CONFLICTS_BANK_4                          0         -nan%                0         -nan%
ROW_BUFFER_CONFLICTS_BANK_5                          0         -nan%                0         -nan%
ROW_BUFFER_CONFLICTS_BANK_6                          0         -nan%                0         -nan%
ROW_BUFFER_CONFLICTS_BANK_7                          0         -nan%                0         -nan%
                                                     0         -nan%                0         -nan%
                                                  -nan         -nan              -nan         -nan

MEM_BANK_WAITING_CYCLES                              0                              0              

MEM_WAITING_CYCLES_TIMES_840                         0                              0              

MEM_PROB_WAITING_CYCLES                              0                              0              

DRAM_SCHED_QUANTA                                    0                              0              

DRAM_SCHED_CORE_PRIORITY_0                           0         -nan%                0         -nan%
DRAM_SCHED_CORE_PRIORITY_1                           0         -nan%                0         -nan%
DRAM_SCHED_CORE_PRIORITY_2                           0         -nan%                0         -nan%
DRAM_SCHED_CORE_PRIORITY_3                           0         -nan%                0         -nan%
DRAM_SCHED_CORE_PRIORITY_4                           0         -nan%                0         -nan%
DRAM_SCHED_CORE_PRIORITY_5                           0         -nan%                0         -nan%
DRAM_SCHED_CORE_PRIORITY_6                           0         -nan%                0         -nan%
DRAM_SCHED_CORE_PRIORITY_7                           0         -nan%                0         -nan%
                                                     0         -nan%                0         -nan%
                                                  -nan         -nan              -nan         -nan

DRAM_SCHED_CMD_SCHEDULED                             0          -nan                0          -nan

DRAM_SCHED_DIFF_CORE_AVAILABLE                       0          -nan                0          -nan

DRAM_SCHED_DIFF_CORE_DECIDING_INPUT_1                0         -nan%                0         -nan%
DRAM_SCHED_DIFF_CORE_DECIDING_INPUT_2                0         -nan%                0         -nan%
DRAM_SCHED_DIFF_CORE_DECIDING_INPUT_3                0         -nan%                0         -nan%
DRAM_SCHED_DIFF_CORE_DECIDING_INPUT_4                0         -nan%                0         -nan%
DRAM_SCHED_DIFF_CORE_DECIDING_INPUT_5                0         -nan%                0         -nan%
DRAM_SCHED_DIFF_CORE_DECIDING_INPUT_6                0         -nan%                0         -nan%
DRAM_SCHED_DIFF_CORE_DECIDING_INPUT_7                0         -nan%                0         -nan%
DRAM_SCHED_DIFF_CORE_DECIDING_INPUT_8                0         -nan%                0         -nan%
                                                     0         -nan%                0         -nan%
                                                  -nan         -nan              -nan         -nan

DRAM_BANK_WAIT_CYCLES_ROW_CONFLICT                   0                              0              

DRAM_BANK_WAIT_CYCLES_ROW_MISS                       0                              0              

DRAM_BANK_WAIT_CYCLES_ROW_HIT                        0                              0              

DRAM_ROW_OPEN_WAIT                                   0                              0              

MEM_QUEUE_ARRIVAL_DISTANCE_0                         0         -nan%                0         -nan%
MEM_QUEUE_ARRIVAL_DISTANCE_10                        0         -nan%                0         -nan%
MEM_QUEUE_ARRIVAL_DISTANCE_20                        0         -nan%                0         -nan%
MEM_QUEUE_ARRIVAL_DISTANCE_30                        0         -nan%                0         -nan%
MEM_QUEUE_ARRIVAL_DISTANCE_40                        0         -nan%                0         -nan%
MEM_QUEUE_ARRIVAL_DISTANCE_50                        0         -nan%                0         -nan%
MEM_QUEUE_ARRIVAL_DISTANCE_60                        0         -nan%                0         -nan%
MEM_QUEUE_ARRIVAL_DISTANCE_70                        0         -nan%                0         -nan%
MEM_QUEUE_ARRIVAL_DISTANCE_80                        0         -nan%                0         -nan%
MEM_QUEUE_ARRIVAL_DISTANCE_90                        0         -nan%                0         -nan%
MEM_QUEUE_ARRIVAL_DISTANCE_100                       0         -nan%                0         -nan%
MEM_QUEUE_ARRIVAL_DISTANCE_110                       0         -nan%                0         -nan%
MEM_QUEUE_ARRIVAL_DISTANCE_120                       0         -nan%                0         -nan%
MEM_QUEUE_ARRIVAL_DISTANCE_130                       0         -nan%                0         -nan%
MEM_QUEUE_ARRIVAL_DISTANCE_140                       0         -nan%                0         -nan%
MEM_QUEUE_ARRIVAL_DISTANCE_150                       0         -nan%                0         -nan%
MEM_QUEUE_ARRIVAL_DISTANCE_160                       0         -nan%                0         -nan%
MEM_QUEUE_ARRIVAL_DISTANCE_170                       0         -nan%                0         -nan%
MEM_QUEUE_ARRIVAL_DISTANCE_180                       0         -nan%                0         -nan%
MEM_QUEUE_ARRIVAL_DISTANCE_190                       0         -nan%                0         -nan%
MEM_QUEUE_ARRIVAL_DISTANCE_200                       0         -nan%                0         -nan%
MEM_QUEUE_ARRIVAL_DISTANCE_210                       0         -nan%                0         -nan%
MEM_QUEUE_ARRIVAL_DISTANCE_220                       0         -nan%                0         -nan%
MEM_QUEUE_ARRIVAL_DISTANCE_230                       0         -nan%                0         -nan%
MEM_QUEUE_ARRIVAL_DISTANCE_240                       0         -nan%                0         -nan%
MEM_QUEUE_ARRIVAL_DISTANCE_250                       0         -nan%                0         -nan%
MEM_QUEUE_ARRIVAL_DISTANCE_260                       0         -nan%                0         -nan%
MEM_QUEUE_ARRIVAL_DISTANCE_270                       0         -nan%                0         -nan%
MEM_QUEUE_ARRIVAL_DISTANCE_280                       0         -nan%                0         -nan%
MEM_QUEUE_ARRIVAL_DISTANCE_290                       0         -nan%                0         -nan%
MEM_QUEUE_ARRIVAL_DISTANCE_300                       0         -nan%                0         -nan%
MEM_QUEUE_ARRIVAL_DISTANCE_310                       0         -nan%                0         -nan%
MEM_QUEUE_ARRIVAL_DISTANCE_320                       0         -nan%                0         -nan%
MEM_QUEUE_ARRIVAL_DISTANCE_330                       0         -nan%                0         -nan%
MEM_QUEUE_ARRIVAL_DISTANCE_340                       0         -nan%                0         -nan%
MEM_QUEUE_ARRIVAL_DISTANCE_350                       0         -nan%                0         -nan%
MEM_QUEUE_ARRIVAL_DISTANCE_360                       0         -nan%                0         -nan%
MEM_QUEUE_ARRIVAL_DISTANCE_370                       0         -nan%                0         -nan%
MEM_QUEUE_ARRIVAL_DISTANCE_380                       0         -nan%                0         -nan%
MEM_QUEUE_ARRIVAL_DISTANCE_390                       0         -nan%                0         -nan%
MEM_QUEUE_ARRIVAL_DISTANCE_400                       0         -nan%                0         -nan%
MEM_QUEUE_ARRIVAL_DISTANCE_410                       0         -nan%                0         -nan%
MEM_QUEUE_ARRIVAL_DISTANCE_420                       0         -nan%                0         -nan%
MEM_QUEUE_ARRIVAL_DISTANCE_430                       0         -nan%                0         -nan%
MEM_QUEUE_ARRIVAL_DISTANCE_440                       0         -nan%                0         -nan%
MEM_QUEUE_ARRIVAL_DISTANCE_450                       0         -nan%                0         -nan%
MEM_QUEUE_ARRIVAL_DISTANCE_460                       0         -nan%                0         -nan%
MEM_QUEUE_ARRIVAL_DISTANCE_470                       0         -nan%                0         -nan%
MEM_QUEUE_ARRIVAL_DISTANCE_480                       0         -nan%                0         -nan%
MEM_QUEUE_ARRIVAL_DISTANCE_490                       0         -nan%                0         -nan%
MEM_QUEUE_ARRIVAL_DISTANCE_500                       0         -nan%                0         -nan%
MEM_QUEUE_ARRIVAL_DISTANCE_510                       0         -nan%                0         -nan%
MEM_QUEUE_ARRIVAL_DISTANCE_520                       0         -nan%                0         -nan%
MEM_QUEUE_ARRIVAL_DISTANCE_530                       0         -nan%                0         -nan%
MEM_QUEUE_ARRIVAL_DISTANCE_540                       0         -nan%                0         -nan%
MEM_QUEUE_ARRIVAL_DISTANCE_550                       0         -nan%                0         -nan%
MEM_QUEUE_ARRIVAL_DISTANCE_560                       0         -nan%                0         -nan%
MEM_QUEUE_ARRIVAL_DISTANCE_570                       0         -nan%                0         -nan%
MEM_QUEUE_ARRIVAL_DISTANCE_580                       0         -nan%                0         -nan%
MEM_QUEUE_ARRIVAL_DISTANCE_590                       0         -nan%                0         -nan%
MEM_QUEUE_ARRIVAL_DISTANCE_600                       0         -nan%                0         -nan%
MEM_QUEUE_ARRIVAL_DISTANCE_610                       0         -nan%                0         -nan%
MEM_QUEUE_ARRIVAL_DISTANCE_620                       0         -nan%                0         -nan%
MEM_QUEUE_ARRIVAL_DISTANCE_630                       0         -nan%                0         -nan%
MEM_QUEUE_ARRIVAL_DISTANCE_640                       0         -nan%                0         -nan%
MEM_QUEUE_ARRIVAL_DISTANCE_650                       0         -nan%                0         -nan%
MEM_QUEUE_ARRIVAL_DISTANCE_660                       0         -nan%                0         -nan%
MEM_QUEUE_ARRIVAL_DISTANCE_670                       0         -nan%                0         -nan%
MEM_QUEUE_ARRIVAL_DISTANCE_680                       0         -nan%                0         -nan%
MEM_QUEUE_ARRIVAL_DISTANCE_690                       0         -nan%                0         -nan%
MEM_QUEUE_ARRIVAL_DISTANCE_700                       0         -nan%                0         -nan%
MEM_QUEUE_ARRIVAL_DISTANCE_710                       0         -nan%                0         -nan%
MEM_QUEUE_ARRIVAL_DISTANCE_720                       0         -nan%                0         -nan%
MEM_QUEUE_ARRIVAL_DISTANCE_730                       0         -nan%                0         -nan%
MEM_QUEUE_ARRIVAL_DISTANCE_740                       0         -nan%                0         -nan%
MEM_QUEUE_ARRIVAL_DISTANCE_750                       0         -nan%                0         -nan%
MEM_QUEUE_ARRIVAL_DISTANCE_760                       0         -nan%                0         -nan%
MEM_QUEUE_ARRIVAL_DISTANCE_770                       0         -nan%                0         -nan%
MEM_QUEUE_ARRIVAL_DISTANCE_780                       0         -nan%                0         -nan%
MEM_QUEUE_ARRIVAL_DISTANCE_790                       0         -nan%                0         -nan%
MEM_QUEUE_ARRIVAL_DISTANCE_800                       0         -nan%                0         -nan%
MEM_QUEUE_ARRIVAL_DISTANCE_810                       0         -nan%                0         -nan%
MEM_QUEUE_ARRIVAL_DISTANCE_820                       0         -nan%                0         -nan%
MEM_QUEUE_ARRIVAL_DISTANCE_830                       0         -nan%                0         -nan%
MEM_QUEUE_ARRIVAL_DISTANCE_840                       0         -nan%                0         -nan%
MEM_QUEUE_ARRIVAL_DISTANCE_850                       0         -nan%                0         -nan%
MEM_QUEUE_ARRIVAL_DISTANCE_860                       0         -nan%                0         -nan%
MEM_QUEUE_ARRIVAL_DISTANCE_870                       0         -nan%                0         -nan%
MEM_QUEUE_ARRIVAL_DISTANCE_880                       0         -nan%                0         -nan%
MEM_QUEUE_ARRIVAL_DISTANCE_890                       0         -nan%                0         -nan%
MEM_QUEUE_ARRIVAL_DISTANCE_900                       0         -nan%                0         -nan%
MEM_QUEUE_ARRIVAL_DISTANCE_910                       0         -nan%                0         -nan%
MEM_QUEUE_ARRIVAL_DISTANCE_920                       0         -nan%                0         -nan%
MEM_QUEUE_ARRIVAL_DISTANCE_930                       0         -nan%                0         -nan%
MEM_QUEUE_ARRIVAL_DISTANCE_940                       0         -nan%                0         -nan%
MEM_QUEUE_ARRIVAL_DISTANCE_950                       0         -nan%                0         -nan%
MEM_QUEUE_ARRIVAL_DISTANCE_960                       0         -nan%                0         -nan%
MEM_QUEUE_ARRIVAL_DISTANCE_970                       0         -nan%                0         -nan%
MEM_QUEUE_ARRIVAL_DISTANCE_980                       0         -nan%                0         -nan%
MEM_QUEUE_ARRIVAL_DISTANCE_990                       0         -nan%                0         -nan%
MEM_QUEUE_ARRIVAL_DISTANCE_1000                      0         -nan%                0         -nan%
                                                     0         -nan%                0         -nan%
                                                  -nan         -nan              -nan         -nan

EQUAL_USE_QUANTUMS                                   0                              0              

EQUAL_USE_BW_MEASURE_PERIODS                         0                              0              

EQUAL_USE_BW                                         0                              0              

EQUAL_USE_BOTTLENECK_BUS                             0         -nan%                0         -nan%
EQUAL_USE_BOTTLENECK_BANK                            0         -nan%                0         -nan%
EQUAL_USE_BOTTLENECK_FAW                             0         -nan%                0         -nan%
EQUAL_USE_BOTTLENECK_BUS_PLUS_FAW                    0         -nan%                0         -nan%
                                                     0         -nan%                0         -nan%
                                                  -nan         -nan              -nan         -nan

EQUAL_USE_BW_BUS                                     0                              0              

EQUAL_USE_BW_BANK                                    0                              0              

EQUAL_USE_BW_FAW                                     0                              0              

EQUAL_USE_BW_BUS_PLUS_FAW                            0                              0              

EQUAL_USE_BW_BUS_PLUS_FAW2                           0                              0              

EQUAL_USE_BW_BUS_PLUS_FAW3                           0                              0              

EQUAL_USE_BW_CRIT_PATH                               0                              0              

EQUAL_USE_BW_BLACK_BOX                               0                              0              

DRAM_BANK_SERVICE                                    0                              0              

DRAM_CONTENDED_BANK_SERVICE                          0                              0              

DRAM_BUS_DIR_SWITCHES                                0                              0              

DRAM_ACTIVATE_TO_COLUMN_LATENCY                      0                              0              

DRAM_ACTIVATE_TO_READ                                0                              0              

DRAM_ACTIVATE_TO_READ_LATENCY                        0          -nan                0          -nan

DRAM_ACTIVATE_TO_WRITE                               0                              0              

DRAM_ACTIVATE_TO_WRITE_LATENCY                       0          -nan                0          -nan

EQUAL_USE_PRIORITY_0                                 0         -nan%                0         -nan%
EQUAL_USE_PRIORITY_1                                 0         -nan%                0         -nan%
EQUAL_USE_PRIORITY_2                                 0         -nan%                0         -nan%
EQUAL_USE_PRIORITY_3                                 0         -nan%                0         -nan%
EQUAL_USE_PRIORITY_4                                 0         -nan%                0         -nan%
EQUAL_USE_PRIORITY_5                                 0         -nan%                0         -nan%
EQUAL_USE_PRIORITY_6                                 0         -nan%                0         -nan%
EQUAL_USE_PRIORITY_7                                 0         -nan%                0         -nan%
EQUAL_USE_PRIORITY_8                                 0         -nan%                0         -nan%
EQUAL_USE_PRIORITY_9                                 0         -nan%                0         -nan%
EQUAL_USE_PRIORITY_10                                0         -nan%                0         -nan%
EQUAL_USE_PRIORITY_11                                0         -nan%                0         -nan%
EQUAL_USE_PRIORITY_12                                0         -nan%                0         -nan%
EQUAL_USE_PRIORITY_13                                0         -nan%                0         -nan%
EQUAL_USE_PRIORITY_14                                0         -nan%                0         -nan%
EQUAL_USE_PRIORITY_15                                0         -nan%                0         -nan%
                                                     0         -nan%                0         -nan%
                                                  -nan         -nan              -nan         -nan

DRAM_ROW_ACCESSES_0                                  0         -nan%                0         -nan%
DRAM_ROW_ACCESSES_1                                  0         -nan%                0         -nan%
DRAM_ROW_ACCESSES_2                                  0         -nan%                0         -nan%
DRAM_ROW_ACCESSES_3                                  0         -nan%                0         -nan%
DRAM_ROW_ACCESSES_4                                  0         -nan%                0         -nan%
DRAM_ROW_ACCESSES_5                                  0         -nan%                0         -nan%
DRAM_ROW_ACCESSES_6                                  0         -nan%                0         -nan%
DRAM_ROW_ACCESSES_7                                  0         -nan%                0         -nan%
DRAM_ROW_ACCESSES_8                                  0         -nan%                0         -nan%
DRAM_ROW_ACCESSES_9                                  0         -nan%                0         -nan%
DRAM_ROW_ACCESSES_10                                 0         -nan%                0         -nan%
DRAM_ROW_ACCESSES_11                                 0         -nan%                0         -nan%
DRAM_ROW_ACCESSES_12                                 0         -nan%                0         -nan%
DRAM_ROW_ACCESSES_13                                 0         -nan%                0         -nan%
DRAM_ROW_ACCESSES_14                                 0         -nan%                0         -nan%
DRAM_ROW_ACCESSES_15                                 0         -nan%                0         -nan%
DRAM_ROW_ACCESSES_16                                 0         -nan%                0         -nan%
DRAM_ROW_ACCESSES_17                                 0         -nan%                0         -nan%
DRAM_ROW_ACCESSES_18                                 0         -nan%                0         -nan%
DRAM_ROW_ACCESSES_19                                 0         -nan%                0         -nan%
DRAM_ROW_ACCESSES_20                                 0         -nan%                0         -nan%
DRAM_ROW_ACCESSES_21                                 0         -nan%                0         -nan%
DRAM_ROW_ACCESSES_22                                 0         -nan%                0         -nan%
DRAM_ROW_ACCESSES_23                                 0         -nan%                0         -nan%
DRAM_ROW_ACCESSES_24                                 0         -nan%                0         -nan%
DRAM_ROW_ACCESSES_25                                 0         -nan%                0         -nan%
DRAM_ROW_ACCESSES_26                                 0         -nan%                0         -nan%
DRAM_ROW_ACCESSES_27                                 0         -nan%                0         -nan%
DRAM_ROW_ACCESSES_28                                 0         -nan%                0         -nan%
DRAM_ROW_ACCESSES_29                                 0         -nan%                0         -nan%
DRAM_ROW_ACCESSES_30                                 0         -nan%                0         -nan%
DRAM_ROW_ACCESSES_31                                 0         -nan%                0         -nan%
DRAM_ROW_ACCESSES_32                                 0         -nan%                0         -nan%
DRAM_ROW_ACCESSES_33                                 0         -nan%                0         -nan%
DRAM_ROW_ACCESSES_34                                 0         -nan%                0         -nan%
DRAM_ROW_ACCESSES_35                                 0         -nan%                0         -nan%
DRAM_ROW_ACCESSES_36                                 0         -nan%                0         -nan%
DRAM_ROW_ACCESSES_37                                 0         -nan%                0         -nan%
DRAM_ROW_ACCESSES_38                                 0         -nan%                0         -nan%
DRAM_ROW_ACCESSES_39                                 0         -nan%                0         -nan%
DRAM_ROW_ACCESSES_40                                 0         -nan%                0         -nan%
DRAM_ROW_ACCESSES_41                                 0         -nan%                0         -nan%
DRAM_ROW_ACCESSES_42                                 0         -nan%                0         -nan%
DRAM_ROW_ACCESSES_43                                 0         -nan%                0         -nan%
DRAM_ROW_ACCESSES_44                                 0         -nan%                0         -nan%
DRAM_ROW_ACCESSES_45                                 0         -nan%                0         -nan%
DRAM_ROW_ACCESSES_46                                 0         -nan%                0         -nan%
DRAM_ROW_ACCESSES_47                                 0         -nan%                0         -nan%
DRAM_ROW_ACCESSES_48                                 0         -nan%                0         -nan%
DRAM_ROW_ACCESSES_49                                 0         -nan%                0         -nan%
DRAM_ROW_ACCESSES_50                                 0         -nan%                0         -nan%
DRAM_ROW_ACCESSES_51                                 0         -nan%                0         -nan%
DRAM_ROW_ACCESSES_52                                 0         -nan%                0         -nan%
DRAM_ROW_ACCESSES_53                                 0         -nan%                0         -nan%
DRAM_ROW_ACCESSES_54                                 0         -nan%                0         -nan%
DRAM_ROW_ACCESSES_55                                 0         -nan%                0         -nan%
DRAM_ROW_ACCESSES_56                                 0         -nan%                0         -nan%
DRAM_ROW_ACCESSES_57                                 0         -nan%                0         -nan%
DRAM_ROW_ACCESSES_58                                 0         -nan%                0         -nan%
DRAM_ROW_ACCESSES_59                                 0         -nan%                0         -nan%
DRAM_ROW_ACCESSES_60                                 0         -nan%                0         -nan%
DRAM_ROW_ACCESSES_61                                 0         -nan%                0         -nan%
DRAM_ROW_ACCESSES_62                                 0         -nan%                0         -nan%
DRAM_ROW_ACCESSES_63                                 0         -nan%                0         -nan%
DRAM_ROW_ACCESSES_64                                 0         -nan%                0         -nan%
                                                     0         -nan%                0         -nan%
                                                  -nan         -nan              -nan         -nan

DRAM_NUM_REQS_0_TOTAL                                0                              0              

DRAM_NUM_REQS_1_TOTAL                                0                              0              

DRAM_NUM_REQS_2_TOTAL                                0                              0              

DRAM_NUM_REQS_3_TOTAL                                0                              0              

DRAM_NUM_REQS_4_TOTAL                                0                              0              

DRAM_NUM_REQS_5_TOTAL                                0                              0              

DRAM_NUM_REQS_6_TOTAL                                0                              0              

DRAM_NUM_REQS_7_TOTAL                                0                              0              

DRAM_NUM_REQS_8_TOTAL                                0                              0              

DRAM_NUM_REQS_9_TOTAL                                0                              0              

DRAM_NUM_REQS_10_TOTAL                               0                              0              

DRAM_NUM_REQS_11_TOTAL                               0                              0              

DRAM_NUM_REQS_12_TOTAL                               0                              0              

DRAM_NUM_REQS_13_TOTAL                               0                              0              

DRAM_NUM_REQS_14_TOTAL                               0                              0              

DRAM_NUM_REQS_15_TOTAL                               0                              0              

DRAM_NUM_REQS_16_TOTAL                               0                              0              

DRAM_NUM_REQS_17_TOTAL                               0                              0              

DRAM_NUM_REQS_18_TOTAL                               0                              0              

DRAM_NUM_REQS_19_TOTAL                               0                              0              

DRAM_NUM_REQS_20_TOTAL                               0                              0              

DRAM_NUM_REQS_21_TOTAL                               0                              0              

DRAM_NUM_REQS_22_TOTAL                               0                              0              

DRAM_NUM_REQS_23_TOTAL                               0                              0              

DRAM_NUM_REQS_24_TOTAL                               0                              0              

DRAM_NUM_REQS_25_TOTAL                               0                              0              

DRAM_NUM_REQS_26_TOTAL                               0                              0              

DRAM_NUM_REQS_27_TOTAL                               0                              0              

DRAM_NUM_REQS_28_TOTAL                               0                              0              

DRAM_NUM_REQS_29_TOTAL                               0                              0              

DRAM_NUM_REQS_30_TOTAL                               0                              0              

DRAM_NUM_REQS_31_TOTAL                               0                              0              

DRAM_NUM_REQS_32_TOTAL                               0                              0              

DRAM_NUM_REQS_0_IFETCH                               0          -nan                0          -nan

DRAM_NUM_REQS_0_DFETCH                               0          -nan                0          -nan

DRAM_NUM_REQS_0_DSTORE                               0          -nan                0          -nan

DRAM_NUM_REQS_0_IPRF                                 0          -nan                0          -nan

DRAM_NUM_REQS_0_DPRF                                 0          -nan                0          -nan

DRAM_NUM_REQS_0_WB                                   0          -nan                0          -nan

DRAM_NUM_REQS_0_WB_NODIRTY                           0          -nan                0          -nan

DRAM_NUM_REQS_1_IFETCH                               0          -nan                0          -nan

DRAM_NUM_REQS_1_DFETCH                               0          -nan                0          -nan

DRAM_NUM_REQS_1_DSTORE                               0          -nan                0          -nan

DRAM_NUM_REQS_1_IPRF                                 0          -nan                0          -nan

DRAM_NUM_REQS_1_DPRF                                 0          -nan                0          -nan

DRAM_NUM_REQS_1_WB                                   0          -nan                0          -nan

DRAM_NUM_REQS_1_WB_NODIRTY                           0          -nan                0          -nan

DRAM_NUM_REQS_2_IFETCH                               0          -nan                0          -nan

DRAM_NUM_REQS_2_DFETCH                               0          -nan                0          -nan

DRAM_NUM_REQS_2_DSTORE                               0          -nan                0          -nan

DRAM_NUM_REQS_2_IPRF                                 0          -nan                0          -nan

DRAM_NUM_REQS_2_DPRF                                 0          -nan                0          -nan

DRAM_NUM_REQS_2_WB                                   0          -nan                0          -nan

DRAM_NUM_REQS_2_WB_NODIRTY                           0          -nan                0          -nan

DRAM_NUM_REQS_3_IFETCH                               0          -nan                0          -nan

DRAM_NUM_REQS_3_DFETCH                               0          -nan                0          -nan

DRAM_NUM_REQS_3_DSTORE                               0          -nan                0          -nan

DRAM_NUM_REQS_3_IPRF                                 0          -nan                0          -nan

DRAM_NUM_REQS_3_DPRF                                 0          -nan                0          -nan

DRAM_NUM_REQS_3_WB                                   0          -nan                0          -nan

DRAM_NUM_REQS_3_WB_NODIRTY                           0          -nan                0          -nan

DRAM_NUM_REQS_4_IFETCH                               0          -nan                0          -nan

DRAM_NUM_REQS_4_DFETCH                               0          -nan                0          -nan

DRAM_NUM_REQS_4_DSTORE                               0          -nan                0          -nan

DRAM_NUM_REQS_4_IPRF                                 0          -nan                0          -nan

DRAM_NUM_REQS_4_DPRF                                 0          -nan                0          -nan

DRAM_NUM_REQS_4_WB                                   0          -nan                0          -nan

DRAM_NUM_REQS_4_WB_NODIRTY                           0          -nan                0          -nan

DRAM_NUM_REQS_5_IFETCH                               0          -nan                0          -nan

DRAM_NUM_REQS_5_DFETCH                               0          -nan                0          -nan

DRAM_NUM_REQS_5_DSTORE                               0          -nan                0          -nan

DRAM_NUM_REQS_5_IPRF                                 0          -nan                0          -nan

DRAM_NUM_REQS_5_DPRF                                 0          -nan                0          -nan

DRAM_NUM_REQS_5_WB                                   0          -nan                0          -nan

DRAM_NUM_REQS_5_WB_NODIRTY                           0          -nan                0          -nan

DRAM_NUM_REQS_6_IFETCH                               0          -nan                0          -nan

DRAM_NUM_REQS_6_DFETCH                               0          -nan                0          -nan

DRAM_NUM_REQS_6_DSTORE                               0          -nan                0          -nan

DRAM_NUM_REQS_6_IPRF                                 0          -nan                0          -nan

DRAM_NUM_REQS_6_DPRF                                 0          -nan                0          -nan

DRAM_NUM_REQS_6_WB                                   0          -nan                0          -nan

DRAM_NUM_REQS_6_WB_NODIRTY                           0          -nan                0          -nan

DRAM_NUM_REQS_7_IFETCH                               0          -nan                0          -nan

DRAM_NUM_REQS_7_DFETCH                               0          -nan                0          -nan

DRAM_NUM_REQS_7_DSTORE                               0          -nan                0          -nan

DRAM_NUM_REQS_7_IPRF                                 0          -nan                0          -nan

DRAM_NUM_REQS_7_DPRF                                 0          -nan                0          -nan

DRAM_NUM_REQS_7_WB                                   0          -nan                0          -nan

DRAM_NUM_REQS_7_WB_NODIRTY                           0          -nan                0          -nan

DRAM_NUM_REQS_8_IFETCH                               0          -nan                0          -nan

DRAM_NUM_REQS_8_DFETCH                               0          -nan                0          -nan

DRAM_NUM_REQS_8_DSTORE                               0          -nan                0          -nan

DRAM_NUM_REQS_8_IPRF                                 0          -nan                0          -nan

DRAM_NUM_REQS_8_DPRF                                 0          -nan                0          -nan

DRAM_NUM_REQS_8_WB                                   0          -nan                0          -nan

DRAM_NUM_REQS_8_WB_NODIRTY                           0          -nan                0          -nan

DRAM_NUM_REQS_9_IFETCH                               0          -nan                0          -nan

DRAM_NUM_REQS_9_DFETCH                               0          -nan                0          -nan

DRAM_NUM_REQS_9_DSTORE                               0          -nan                0          -nan

DRAM_NUM_REQS_9_IPRF                                 0          -nan                0          -nan

DRAM_NUM_REQS_9_DPRF                                 0          -nan                0          -nan

DRAM_NUM_REQS_9_WB                                   0          -nan                0          -nan

DRAM_NUM_REQS_9_WB_NODIRTY                           0          -nan                0          -nan

DRAM_NUM_REQS_10_IFETCH                              0          -nan                0          -nan

DRAM_NUM_REQS_10_DFETCH                              0          -nan                0          -nan

DRAM_NUM_REQS_10_DSTORE                              0          -nan                0          -nan

DRAM_NUM_REQS_10_IPRF                                0          -nan                0          -nan

DRAM_NUM_REQS_10_DPRF                                0          -nan                0          -nan

DRAM_NUM_REQS_10_WB                                  0          -nan                0          -nan

DRAM_NUM_REQS_10_WB_NODIRTY                          0          -nan                0          -nan

DRAM_NUM_REQS_11_IFETCH                              0          -nan                0          -nan

DRAM_NUM_REQS_11_DFETCH                              0          -nan                0          -nan

DRAM_NUM_REQS_11_DSTORE                              0          -nan                0          -nan

DRAM_NUM_REQS_11_IPRF                                0          -nan                0          -nan

DRAM_NUM_REQS_11_DPRF                                0          -nan                0          -nan

DRAM_NUM_REQS_11_WB                                  0          -nan                0          -nan

DRAM_NUM_REQS_11_WB_NODIRTY                          0          -nan                0          -nan

DRAM_NUM_REQS_12_IFETCH                              0          -nan                0          -nan

DRAM_NUM_REQS_12_DFETCH                              0          -nan                0          -nan

DRAM_NUM_REQS_12_DSTORE                              0          -nan                0          -nan

DRAM_NUM_REQS_12_IPRF                                0          -nan                0          -nan

DRAM_NUM_REQS_12_DPRF                                0          -nan                0          -nan

DRAM_NUM_REQS_12_WB                                  0          -nan                0          -nan

DRAM_NUM_REQS_12_WB_NODIRTY                          0          -nan                0          -nan

DRAM_NUM_REQS_13_IFETCH                              0          -nan                0          -nan

DRAM_NUM_REQS_13_DFETCH                              0          -nan                0          -nan

DRAM_NUM_REQS_13_DSTORE                              0          -nan                0          -nan

DRAM_NUM_REQS_13_IPRF                                0          -nan                0          -nan

DRAM_NUM_REQS_13_DPRF                                0          -nan                0          -nan

DRAM_NUM_REQS_13_WB                                  0          -nan                0          -nan

DRAM_NUM_REQS_13_WB_NODIRTY                          0          -nan                0          -nan

DRAM_NUM_REQS_14_IFETCH                              0          -nan                0          -nan

DRAM_NUM_REQS_14_DFETCH                              0          -nan                0          -nan

DRAM_NUM_REQS_14_DSTORE                              0          -nan                0          -nan

DRAM_NUM_REQS_14_IPRF                                0          -nan                0          -nan

DRAM_NUM_REQS_14_DPRF                                0          -nan                0          -nan

DRAM_NUM_REQS_14_WB                                  0          -nan                0          -nan

DRAM_NUM_REQS_14_WB_NODIRTY                          0          -nan                0          -nan

DRAM_NUM_REQS_15_IFETCH                              0          -nan                0          -nan

DRAM_NUM_REQS_15_DFETCH                              0          -nan                0          -nan

DRAM_NUM_REQS_15_DSTORE                              0          -nan                0          -nan

DRAM_NUM_REQS_15_IPRF                                0          -nan                0          -nan

DRAM_NUM_REQS_15_DPRF                                0          -nan                0          -nan

DRAM_NUM_REQS_15_WB                                  0          -nan                0          -nan

DRAM_NUM_REQS_15_WB_NODIRTY                          0          -nan                0          -nan

DRAM_NUM_REQS_16_IFETCH                              0          -nan                0          -nan

DRAM_NUM_REQS_16_DFETCH                              0          -nan                0          -nan

DRAM_NUM_REQS_16_DSTORE                              0          -nan                0          -nan

DRAM_NUM_REQS_16_IPRF                                0          -nan                0          -nan

DRAM_NUM_REQS_16_DPRF                                0          -nan                0          -nan

DRAM_NUM_REQS_16_WB                                  0          -nan                0          -nan

DRAM_NUM_REQS_16_WB_NODIRTY                          0          -nan                0          -nan

DRAM_NUM_REQS_17_IFETCH                              0          -nan                0          -nan

DRAM_NUM_REQS_17_DFETCH                              0          -nan                0          -nan

DRAM_NUM_REQS_17_DSTORE                              0          -nan                0          -nan

DRAM_NUM_REQS_17_IPRF                                0          -nan                0          -nan

DRAM_NUM_REQS_17_DPRF                                0          -nan                0          -nan

DRAM_NUM_REQS_17_WB                                  0          -nan                0          -nan

DRAM_NUM_REQS_17_WB_NODIRTY                          0          -nan                0          -nan

DRAM_NUM_REQS_18_IFETCH                              0          -nan                0          -nan

DRAM_NUM_REQS_18_DFETCH                              0          -nan                0          -nan

DRAM_NUM_REQS_18_DSTORE                              0          -nan                0          -nan

DRAM_NUM_REQS_18_IPRF                                0          -nan                0          -nan

DRAM_NUM_REQS_18_DPRF                                0          -nan                0          -nan

DRAM_NUM_REQS_18_WB                                  0          -nan                0          -nan

DRAM_NUM_REQS_18_WB_NODIRTY                          0          -nan                0          -nan

DRAM_NUM_REQS_19_IFETCH                              0          -nan                0          -nan

DRAM_NUM_REQS_19_DFETCH                              0          -nan                0          -nan

DRAM_NUM_REQS_19_DSTORE                              0          -nan                0          -nan

DRAM_NUM_REQS_19_IPRF                                0          -nan                0          -nan

DRAM_NUM_REQS_19_DPRF                                0          -nan                0          -nan

DRAM_NUM_REQS_19_WB                                  0          -nan                0          -nan

DRAM_NUM_REQS_19_WB_NODIRTY                          0          -nan                0          -nan

DRAM_NUM_REQS_20_IFETCH                              0          -nan                0          -nan

DRAM_NUM_REQS_20_DFETCH                              0          -nan                0          -nan

DRAM_NUM_REQS_20_DSTORE                              0          -nan                0          -nan

DRAM_NUM_REQS_20_IPRF                                0          -nan                0          -nan

DRAM_NUM_REQS_20_DPRF                                0          -nan                0          -nan

DRAM_NUM_REQS_20_WB                                  0          -nan                0          -nan

DRAM_NUM_REQS_20_WB_NODIRTY                          0          -nan                0          -nan

DRAM_NUM_REQS_21_IFETCH                              0          -nan                0          -nan

DRAM_NUM_REQS_21_DFETCH                              0          -nan                0          -nan

DRAM_NUM_REQS_21_DSTORE                              0          -nan                0          -nan

DRAM_NUM_REQS_21_IPRF                                0          -nan                0          -nan

DRAM_NUM_REQS_21_DPRF                                0          -nan                0          -nan

DRAM_NUM_REQS_21_WB                                  0          -nan                0          -nan

DRAM_NUM_REQS_21_WB_NODIRTY                          0          -nan                0          -nan

DRAM_NUM_REQS_22_IFETCH                              0          -nan                0          -nan

DRAM_NUM_REQS_22_DFETCH                              0          -nan                0          -nan

DRAM_NUM_REQS_22_DSTORE                              0          -nan                0          -nan

DRAM_NUM_REQS_22_IPRF                                0          -nan                0          -nan

DRAM_NUM_REQS_22_DPRF                                0          -nan                0          -nan

DRAM_NUM_REQS_22_WB                                  0          -nan                0          -nan

DRAM_NUM_REQS_22_WB_NODIRTY                          0          -nan                0          -nan

DRAM_NUM_REQS_23_IFETCH                              0          -nan                0          -nan

DRAM_NUM_REQS_23_DFETCH                              0          -nan                0          -nan

DRAM_NUM_REQS_23_DSTORE                              0          -nan                0          -nan

DRAM_NUM_REQS_23_IPRF                                0          -nan                0          -nan

DRAM_NUM_REQS_23_DPRF                                0          -nan                0          -nan

DRAM_NUM_REQS_23_WB                                  0          -nan                0          -nan

DRAM_NUM_REQS_23_WB_NODIRTY                          0          -nan                0          -nan

DRAM_NUM_REQS_24_IFETCH                              0          -nan                0          -nan

DRAM_NUM_REQS_24_DFETCH                              0          -nan                0          -nan

DRAM_NUM_REQS_24_DSTORE                              0          -nan                0          -nan

DRAM_NUM_REQS_24_IPRF                                0          -nan                0          -nan

DRAM_NUM_REQS_24_DPRF                                0          -nan                0          -nan

DRAM_NUM_REQS_24_WB                                  0          -nan                0          -nan

DRAM_NUM_REQS_24_WB_NODIRTY                          0          -nan                0          -nan

DRAM_NUM_REQS_25_IFETCH                              0          -nan                0          -nan

DRAM_NUM_REQS_25_DFETCH                              0          -nan                0          -nan

DRAM_NUM_REQS_25_DSTORE                              0          -nan                0          -nan

DRAM_NUM_REQS_25_IPRF                                0          -nan                0          -nan

DRAM_NUM_REQS_25_DPRF                                0          -nan                0          -nan

DRAM_NUM_REQS_25_WB                                  0          -nan                0          -nan

DRAM_NUM_REQS_25_WB_NODIRTY                          0          -nan                0          -nan

DRAM_NUM_REQS_26_IFETCH                              0          -nan                0          -nan

DRAM_NUM_REQS_26_DFETCH                              0          -nan                0          -nan

DRAM_NUM_REQS_26_DSTORE                              0          -nan                0          -nan

DRAM_NUM_REQS_26_IPRF                                0          -nan                0          -nan

DRAM_NUM_REQS_26_DPRF                                0          -nan                0          -nan

DRAM_NUM_REQS_26_WB                                  0          -nan                0          -nan

DRAM_NUM_REQS_26_WB_NODIRTY                          0          -nan                0          -nan

DRAM_NUM_REQS_27_IFETCH                              0          -nan                0          -nan

DRAM_NUM_REQS_27_DFETCH                              0          -nan                0          -nan

DRAM_NUM_REQS_27_DSTORE                              0          -nan                0          -nan

DRAM_NUM_REQS_27_IPRF                                0          -nan                0          -nan

DRAM_NUM_REQS_27_DPRF                                0          -nan                0          -nan

DRAM_NUM_REQS_27_WB                                  0          -nan                0          -nan

DRAM_NUM_REQS_27_WB_NODIRTY                          0          -nan                0          -nan

DRAM_NUM_REQS_28_IFETCH                              0          -nan                0          -nan

DRAM_NUM_REQS_28_DFETCH                              0          -nan                0          -nan

DRAM_NUM_REQS_28_DSTORE                              0          -nan                0          -nan

DRAM_NUM_REQS_28_IPRF                                0          -nan                0          -nan

DRAM_NUM_REQS_28_DPRF                                0          -nan                0          -nan

DRAM_NUM_REQS_28_WB                                  0          -nan                0          -nan

DRAM_NUM_REQS_28_WB_NODIRTY                          0          -nan                0          -nan

DRAM_NUM_REQS_29_IFETCH                              0          -nan                0          -nan

DRAM_NUM_REQS_29_DFETCH                              0          -nan                0          -nan

DRAM_NUM_REQS_29_DSTORE                              0          -nan                0          -nan

DRAM_NUM_REQS_29_IPRF                                0          -nan                0          -nan

DRAM_NUM_REQS_29_DPRF                                0          -nan                0          -nan

DRAM_NUM_REQS_29_WB                                  0          -nan                0          -nan

DRAM_NUM_REQS_29_WB_NODIRTY                          0          -nan                0          -nan

DRAM_NUM_REQS_30_IFETCH                              0          -nan                0          -nan

DRAM_NUM_REQS_30_DFETCH                              0          -nan                0          -nan

DRAM_NUM_REQS_30_DSTORE                              0          -nan                0          -nan

DRAM_NUM_REQS_30_IPRF                                0          -nan                0          -nan

DRAM_NUM_REQS_30_DPRF                                0          -nan                0          -nan

DRAM_NUM_REQS_30_WB                                  0          -nan                0          -nan

DRAM_NUM_REQS_30_WB_NODIRTY                          0          -nan                0          -nan

DRAM_NUM_REQS_31_IFETCH                              0          -nan                0          -nan

DRAM_NUM_REQS_31_DFETCH                              0          -nan                0          -nan

DRAM_NUM_REQS_31_DSTORE                              0          -nan                0          -nan

DRAM_NUM_REQS_31_IPRF                                0          -nan                0          -nan

DRAM_NUM_REQS_31_DPRF                                0          -nan                0          -nan

DRAM_NUM_REQS_31_WB                                  0          -nan                0          -nan

DRAM_NUM_REQS_31_WB_NODIRTY                          0          -nan                0          -nan

DRAM_NUM_REQS_32_IFETCH                              0          -nan                0          -nan

DRAM_NUM_REQS_32_DFETCH                              0          -nan                0          -nan

DRAM_NUM_REQS_32_DSTORE                              0          -nan                0          -nan

DRAM_NUM_REQS_32_IPRF                                0          -nan                0          -nan

DRAM_NUM_REQS_32_DPRF                                0          -nan                0          -nan

DRAM_NUM_REQS_32_WB                                  0          -nan                0          -nan

DRAM_NUM_REQS_32_WB_NODIRTY                          0          -nan                0          -nan

DRAM_BOTTLENECK_BUS_0                                0         -nan%                0         -nan%
DRAM_BOTTLENECK_BUS_10                               0         -nan%                0         -nan%
DRAM_BOTTLENECK_BUS_20                               0         -nan%                0         -nan%
DRAM_BOTTLENECK_BUS_30                               0         -nan%                0         -nan%
DRAM_BOTTLENECK_BUS_40                               0         -nan%                0         -nan%
DRAM_BOTTLENECK_BUS_50                               0         -nan%                0         -nan%
DRAM_BOTTLENECK_BUS_60                               0         -nan%                0         -nan%
DRAM_BOTTLENECK_BUS_70                               0         -nan%                0         -nan%
DRAM_BOTTLENECK_BUS_80                               0         -nan%                0         -nan%
DRAM_BOTTLENECK_BUS_90                               0         -nan%                0         -nan%
DRAM_BOTTLENECK_BUS_100                              0         -nan%                0         -nan%
                                                     0         -nan%                0         -nan%
                                                  -nan         -nan              -nan         -nan

DRAM_BOTTLENECK_BANKS_0                              0         -nan%                0         -nan%
DRAM_BOTTLENECK_BANKS_10                             0         -nan%                0         -nan%
DRAM_BOTTLENECK_BANKS_20                             0         -nan%                0         -nan%
DRAM_BOTTLENECK_BANKS_30                             0         -nan%                0         -nan%
DRAM_BOTTLENECK_BANKS_40                             0         -nan%                0         -nan%
DRAM_BOTTLENECK_BANKS_50                             0         -nan%                0         -nan%
DRAM_BOTTLENECK_BANKS_60                             0         -nan%                0         -nan%
DRAM_BOTTLENECK_BANKS_70                             0         -nan%                0         -nan%
DRAM_BOTTLENECK_BANKS_80                             0         -nan%                0         -nan%
DRAM_BOTTLENECK_BANKS_90                             0         -nan%                0         -nan%
DRAM_BOTTLENECK_BANKS_100                            0         -nan%                0         -nan%
                                                     0         -nan%                0         -nan%
                                                  -nan         -nan              -nan         -nan

DRAM_BOTTLENECK_FAW_0                                0         -nan%                0         -nan%
DRAM_BOTTLENECK_FAW_10                               0         -nan%                0         -nan%
DRAM_BOTTLENECK_FAW_20                               0         -nan%                0         -nan%
DRAM_BOTTLENECK_FAW_30                               0         -nan%                0         -nan%
DRAM_BOTTLENECK_FAW_40                               0         -nan%                0         -nan%
DRAM_BOTTLENECK_FAW_50                               0         -nan%                0         -nan%
DRAM_BOTTLENECK_FAW_60                               0         -nan%                0         -nan%
DRAM_BOTTLENECK_FAW_70                               0         -nan%                0         -nan%
DRAM_BOTTLENECK_FAW_80                               0         -nan%                0         -nan%
DRAM_BOTTLENECK_FAW_90                               0         -nan%                0         -nan%
DRAM_BOTTLENECK_FAW_100                              0         -nan%                0         -nan%
                                                     0         -nan%                0         -nan%
                                                  -nan         -nan              -nan         -nan

DRAM_ROW_HIT_GEN_AFTER_ROW_OPEN_STALLING             0                              0              

KNOWN_BAD_ADDRESS                                    0        0.000%                0        0.000%
GOOD_ADDRESS                                    781155      100.000%           781155      100.000%
                                                781155      100.000%           781155      100.000%
                                                  1.00         1.00              1.00         1.00



